동명,품명,규격,수량,단위,비고,데이터기준일자
내당1동,카멜레온줄자,5.5M,3,개,,2025-08-11
내당1동,진동드릴(신형),GSB-13RE,5,개,,2025-08-11
내당1동,전지가위,,3,개,,2025-08-11
내당1동,전공양용드라이버,200W*6*200,3,개,,2025-08-11
내당1동,전공양용드라이버,200W*6*153,3,개,,2025-08-11
내당1동,전공양용드라이버,200W*6*100,3,개,,2025-08-11
원대동,사다리,,1,개,,2025-08-11
원대동,보안경,,3,개,,2025-08-11
원대동,글루건,,2,개,,2025-08-11
원대동,줄자,,1,개,,2025-08-11
원대동,전정가위,,2,개,,2025-08-11
원대동,쇠톱,,2,개,,2025-08-11
원대동,전정톱,,1,개,,2025-08-11
원대동,양손 가위,,2,개,,2025-08-11
원대동,드릴 비트,,1,세트,,2025-08-11
원대동,소켓 렌치,,1,세트,,2025-08-11
원대동,전동 그라인더,,1,개,,2025-08-11
원대동,전동 헤머 드릴,,1,개,,2025-08-11
원대동,전동 드릴,,1,개,,2025-08-11
원대동,양용 드라이버,200,2,개,,2025-08-11
원대동,양용 드라이버,150,2,개,,2025-08-11
원대동,양용 드라이버,100,2,개,,2025-08-11
원대동,간이 라돈 측정기,,2,개,,2025-08-11
원대동,가정용공구,,2,세트,,2025-08-11
원대동,실리콘건,,3,개,,2025-08-11
원대동,육각렌치,,2,세트,,2025-08-11
원대동,정밀 드라이버,,2,세트,,2025-08-11
원대동,라쳇렌치,,2,세트,,2025-08-11
원대동,드릴날,,2,세트,,2025-08-11
원대동,건타카,,2,개,,2025-08-11
원대동,자석 수평기,,1,개,,2025-08-11
원대동,대형 드라이버,,1,개,,2025-08-11
원대동,볼트커터 18인치,18인치,1,개,,2025-08-11
원대동,몽키 10인치,10인치,1,개,,2025-08-11
원대동,몽키 12인치,12인치,1,개,,2025-08-11
원대동,바이스그립,,2,개,,2025-08-11
원대동,파이프렌치,8인치,1,개,,2025-08-11
원대동,파이프렌치,12인치,1,개,,2025-08-11
원대동,파이프렌치,14인치,1,개,,2025-08-11
상중이동,타카핀,12MM,1,개,,2025-08-11
상중이동,타카핀,10MM,1,개,,2025-08-11
상중이동,라돈측정기,,1,개,,2025-08-11
상중이동,충전드릴,DCD7802M,2,개,,2025-08-11
상중이동,임펙드릴,DWV-13K,1,개,,2025-08-11
상중이동,볼트캇타,24인치,1,개,,2025-08-11
평리5동,실리콘 건,,2,개,심 미포함,2025-08-11
평리5동,헤라세트,,1,개,5pcs 세트,2025-08-11
평리5동,전동 그라인더 세트,,1,개,충전식. 패드 미포함,2025-08-11
평리5동,사다리,,1,개,3단,2025-08-11
평리5동,글루건,,2,개,글루건 심 미포함,2025-08-11
평리5동,쇠톱,,2,개,,2025-08-11
평리5동,전정 톱,,1,개,,2025-08-11
평리5동,양손 전지 가위,,2,개,,2025-08-11
평리5동,가정용 공구 세트,,3,개,,2025-08-11
평리5동,해머드릴세트,,2,개,충전식. 비트 미포함,2025-08-11
평리5동,임팩 드릴세트,,2,개,충전식. 비트 미포함,2025-08-11
평리5동,라쳇 렌치 세트,,2,개,,2025-08-11
평리5동,양용드라이버,길이 150. 200mm,2,개,길이별 각 2개,2025-08-11
평리5동,스패너세트,,2,개,,2025-08-11
평리5동,레이저 거리측정기,,1,개,,2025-08-11
평리5동,워터펌프 플라이어,,2,개,,2025-08-11
평리5동,콘크리트못 보조 플라이어,,1,개,,2025-08-11
평리5동,정밀드라이버세트,,2,개,,2025-08-11
평리5동,드릴비트 세트,,1,개,,2025-08-11
평리5동,소켓세트,,1,개,,2025-08-11
평리5동,파이프렌치,10.12.14인치,3,개,,2025-08-11
평리5동,볼트커터,,1,개,,2025-08-11
평리5동,플라이어,,2,개,,2025-08-11
평리5동,건타카,,2,개,타카 심 미포함,2025-08-11
평리5동,몽키스패너,10인치. 12인치,2,개,,2025-08-11
평리5동,바이스그립,,2,개,,2025-08-11
평리5동,펜치,,2,개,,2025-08-11
평리5동,전정 가위,,2,개,,2025-08-11
평리5동,자석 수평기,,1,개,,2025-08-11
평리5동,육각렌치세트,,2,개,,2025-08-11
내당1동,사다리,LS-45,2,개,,2025-08-11
내당1동,사다리우마,300*1600,2,개,,2025-08-11
내당1동,박스렌치세트,,3,개,,2025-08-11
내당1동,레이저거리측정기,GLM150C,3,대,,2025-08-11
내당1동,시계드라이버세트,C220-01,3,개,,2025-08-11
내당1동,스프링청소기,15M,3,개,,2025-08-11
내당1동,스크레퍼(돌림형) 300,KA-380,3,개,,2025-08-11
내당1동,볼트커터,18인치,3,개,,2025-08-11
내당1동,볼렌치9본조,SBL-1900,3,개,,2025-08-11
내당1동,바이스그립,10WR,3,개,,2025-08-11
내당1동,몽키 스패너,12인치,3,개,,2025-08-11
내당1동,몽키 스패너,10인치,3,개,,2025-08-11
내당1동,라쳇콤비세트,7PCS,3,개,,2025-08-11
내당1동,디스크그라인더,ACT-100SN,3,대,,2025-08-11
내당1동,드릴비트세트,19PCS,3,개,,2025-08-11
내당1동,글루건,GR60 겸용 400W,3,개,,2025-08-11
내당1동,건타카핀,,3,통,12월 23일,2025-08-11
내당1동,건타카,DT3,3,개,,2025-08-11
내당1동,가정용 공구세트,18CS,3,개,,2025-08-11
내당1동,파이프렌치,14인치,3,개,,2025-08-11
내당1동,파이프렌치,12인치,3,개,,2025-08-11
내당1동,타일육각(다용도),6.4MM,3,개,,2025-08-11
내당1동,타일육각(다용도),3.2MM,3,개,,2025-08-11
내당1동,코발트 드릴비트,3.0MM,3,개,,2025-08-11
상중이동,볼트캇타,14인치,1,개,,2025-08-11
상중이동,실리콘건,,3,개,,2025-08-11
상중이동,건타카,WS-107,2,개,,2025-08-11
상중이동,몽키,12인치,3,개,,2025-08-11
상중이동,롱로우즈,6인치,3,개,,2025-08-11
상중이동,디스크그라인다,4인치,2,개,,2025-08-11
상중이동,하이스톱날,12인치,10,개,,2025-08-11
상중이동,톱대,12인치,3,개,,2025-08-11
상중이동,양손가위,190,3,개,,2025-08-11
상중이동,파이프렌치,14인치,3,개,,2025-08-11
상중이동,뺀치,8인치,3,개,,2025-08-11
상중이동,기어렌치세트,7P,1,개,,2025-08-11
상중이동,빠루망치,대,3,개,,2025-08-11
상중이동,스프링청소기,10M,3,개,,2025-08-11
상중이동,라이트,SLL-P5030,3,개,,2025-08-11
상중이동,센티줄자,7.5M,3,개,,2025-08-11
상중이동,정밀드라이버세트,6P,3,세트,,2025-08-11
상중이동,가정용공구세트,16PCS,3,세트,,2025-08-11
상중이동,바이스그립,10인치,3,개,,2025-08-11
상중이동,톱,300,3,개,,2025-08-11
상중이동,강력니퍼,6인치,3,개,,2025-08-11
평리6동,LED충전 작업등,,1,개,,2025-08-11
평리6동,라돈측정기,,2,개,,2025-08-11
평리6동,톱,,2,개,,2025-08-11
평리6동,쇠톱,,2,개,,2025-08-11
평리6동,레이저 거리측정기,,1,개,,2025-08-11
평리6동,가정용 공구세트,,2,개,,2025-08-11
평리6동,양손가위,,2,개,,2025-08-11
평리6동,망치,,2,개,,2025-08-11
평리6동,몽키,,2,개,,2025-08-11
평리6동,드라이버,,4,개,,2025-08-11
평리6동,볼트캇타,,1,개,,2025-08-11
평리6동,바이스크립플라이어,,1,개,,2025-08-11
평리6동,철판가위,,1,개,,2025-08-11
평리6동,미니니퍼,,2,개,,2025-08-11
평리6동,니퍼,,6,개,,2025-08-11
평리6동,함마,24v,1,개,,2025-08-11
평리6동,임팩트드릴,14.4v,1,개,,2025-08-11
평리6동,전동드릴,,2,개,,2025-08-11
평리4동,전기릴선,30m,2,개,,2025-08-11
평리4동,접이식사다리,3단,2,개,,2025-08-11
평리4동,핸드분무기,5L,2,개,,2025-08-11
평리4동,양손가위,2단,3,개,,2025-08-11
평리4동,전정가위,,3,개,,2025-08-11
평리4동,괭이,,2,개,,2025-08-11
평리4동,호미,,5,개,,2025-08-11
평리4동,모종삽,,5,개,,2025-08-11
평리4동,릴호스,26m,2,개,,2025-08-11
평리4동,실리콘건,소,2,개,,2025-08-11
평리4동,드릴비트세트,,5,세트,,2025-08-11
평리4동,전동드릴,,3,개,,2025-08-11
평리4동,콤프레샤,2.0HP,1,개,,2025-08-11
평리4동,손타카,,3,개,,2025-08-11
평리4동,목재용 타카,목재용,2,개,,2025-08-11
평리4동,콘크리트 타카,콘크리트용,1,개,,2025-08-11
평리4동,그라인더,,2,개,,2025-08-11
평리4동,파이프렌치,,4,개,,2025-08-11
평리4동,기어렌치 세트,,3,세트,,2025-08-11
평리4동,망치,소,3,개,,2025-08-11
평리4동,줄자,7.5m,5,개,,2025-08-11
평리4동,수동절단기,14인치,2,개,,2025-08-11
평리4동,쇠톱,300mm,5,개,,2025-08-11
평리4동,전지톱,350mm,5,개,,2025-08-11
평리4동,드라이버세트,,5,세트,,2025-08-11
평리4동,롱노우즈,6인치,5,개,,2025-08-11
평리4동,펜치,8인치,5,개,,2025-08-11
평리4동,니퍼,6인치,5,개,,2025-08-11
평리3동,라돈측정기(라돈아이플러스),,2,개,,2025-08-11
평리3동,고리,200M,10,개,,2025-08-11
평리3동,고리,100M,20,개,,2025-08-11
평리3동,코발트기리,3.0MM,10,개,양지원,2025-08-11
평리3동,자석수평,600MM(24인치),1,개,SB,2025-08-11
평리3동,블렌치9본조 SBL-1900,,1,개,제이텍,2025-08-11
평리3동,다도드라이버,10*300,1,개,참피온,2025-08-11
평리3동,타일육각(다용도) R.J,3.2MM,2,개,유니카,2025-08-11
평리3동,타일육각(다용도) R.J,6.4MM,2,개,유니카,2025-08-11
평리3동,워킹카운터(쌍발) WC100D,1KM*1CM,1,개,블루텍,2025-08-11
평리3동,실리콘건 PC-200,,2,개,,2025-08-11
평리3동,스프링청소기,15M,1,개,리빙엔젤,2025-08-11
평리3동,카멜레온줄자 KMC-15,5.5M,1,개,코메론,2025-08-11
평리3동,하이스톱날,12*24,10,개,BAHCO,2025-08-11
평리3동,권타카핀 23/12,,1,통,화신,2025-08-11
평리3동,권타카 DT3,,1,개,다이와,2025-08-11
평리3동,고지가위 S-660,,1,개,화신,2025-08-11
평리3동,전지가위 V-8 (골드),,1,개,일산,2025-08-11
평리3동,전공양용드라이버 1100,6*200,1,개,에디슨,2025-08-11
평리3동,전공양용드라이버 1100,6*150,1,개,에디슨,2025-08-11
평리3동,전공양용드라이버 1100,6*100,1,개,에디슨,2025-08-11
평리3동,볼트갓다 HA-450,18인치,1,개,암,2025-08-11
평리3동,드릴기리셋트 19PCS,,1,개,클리브랜드,2025-08-11
평리3동,시계드라이버셋트(PVC) C220-01,,1,개,참피온,2025-08-11
평리3동,충전드릴 IXO-3.6V,,1,개,보쉬,2025-08-11
평리3동,가정용공구셋트 20PCS,,3,개,스마토,2025-08-11
평리3동,양손가위(날대) K-570,,3,개,화신,2025-08-11
평리3동,사다리 LS-43,,1,개,,2025-08-11
평리3동,몽키,12인치,3,개,세신,2025-08-11
평리3동,몽키,10인치,3,개,세신,2025-08-11
평리3동,작업등 10호,,1,개,,2025-08-11
평리3동,사다리 우마,300*1600,1,개,,2025-08-11
평리3동,충전함마드릴 18V (4.0AH),,2,개,디월트,2025-08-11
평리3동,바이스그립 10WR,10인치,1,개,한슨,2025-08-11
평리3동,파인프렌치,14인치,3,개,세신,2025-08-11
평리3동,파인프렌치,12인치,3,개,세신,2025-08-11
평리3동,파인프렌치,8인치,3,개,세신,2025-08-11
평리3동,전정톱,270M,2,개,코메론,2025-08-11
평리3동,다이아몬드날,4인치,1,개,보쉬악세사리,2025-08-11
평리3동,절단석,4인치,10,개,레지톤,2025-08-11
평리3동,디스크그라인다 ACT-100SN,,1,개,계양,2025-08-11
평리3동,톱대,12인치,2,개,레녹스,2025-08-11
평리3동,라쳇콤비라셋세트 7PCS,,3,세트,스마토,2025-08-11
평리3동,전동드릴(신형) GSB-13RE,,2,개,보쉬,2025-08-11
평리2동,라돈측정기,,1,개,,2025-08-11
평리2동,육각렌치셋트,,9,개,,2025-08-11
평리2동,코메론정전톱,350mm,3,개,,2025-08-11
평리2동,전동드릴,14.4v,1,개,,2025-08-11
평리2동,전동톱,12v,1,개,,2025-08-11
평리2동,손전등,,2,개,,2025-08-11
평리2동,물호스,50m,1,개,,2025-08-11
평리2동,망치,,3,개,,2025-08-11
평리2동,전지가위,,3,개,,2025-08-11
평리2동,드라이브,,6,개,,2025-08-11
평리2동,밀워키첼라,12inch,1,개,,2025-08-11
평리2동,밀워키몽키,14inch,1,개,,2025-08-11
평리2동,밀워키밴지,9inch,1,개,,2025-08-11
평리2동,밀워키니퍼,8inch,2,개,,2025-08-11
평리2동,손톱(쇠톱),,2,개,,2025-08-11
평리2동,쉴드몽키,,2,개,,2025-08-11
평리2동,줄자,5.5m,1,개,,2025-08-11
평리2동,길이셋트,,1,개,,2025-08-11
평리2동,비트셋트,,1,개,,2025-08-11
평리2동,어윈플라워,,2,개,,2025-08-11
평리2동,허어로롱노즈,,2,개,,2025-08-11
평리2동,수동타카,,2,개,,2025-08-11
평리2동,글로건,,2,개,,2025-08-11
평리2동,전선캇타,,1,개,,2025-08-11
평리2동,양손가위,,1,개,,2025-08-11
평리2동,스페너,10.8.7.5.4인치,5,개,,2025-08-11
평리2동,세신몽키,,1,개,,2025-08-11
평리2동,밀워키전선캇타,,1,개,,2025-08-11
평리1동,스프링청소기,10M,3,개,,2025-08-11
평리1동,임펙드릴,DWV-13K,1,개,,2025-08-11
평리1동,충전드릴,DCD7802M,1,개,,2025-08-11
평리1동,가정용공구셋트,16PCS,1,셋트,,2025-08-11
평리1동,라돈측정기,,1,개,,2025-08-11
평리1동,바이스그립,10인치,2,개,,2025-08-11
평리1동,몽키,12인치,2,개,,2025-08-11
평리1동,파이프렌치,14인치,3,개,,2025-08-11
평리1동,롱로우즈,6인치,3,개,,2025-08-11
평리1동,강력니퍼,6인치,3,개,,2025-08-11
평리1동,뺀치,8인치,3,개,,2025-08-11
평리1동,라이트,SLL-P5030,3,개,,2025-08-11
평리1동,센티줄자,7.5M,3,개,,2025-08-11
평리1동,정밀드라이버셋트,6P,3,세트,,2025-08-11
평리1동,실리콘건,,3,개,,2025-08-11
평리1동,디스크그라인다,4인치,2,개,,2025-08-11
평리1동,기어렌치셋트,7P,1,세트,,2025-08-11
평리1동,건타카,WS-107,2,개,,2025-08-11
평리1동,빠루망치,대,3,개,,2025-08-11
평리1동,톱,300,2,개,,2025-08-11
평리1동,톱대,12인치,2,개,,2025-08-11
평리1동,양손가위,190,2,개,,2025-08-11
평리1동,볼트캇타,14인치. 24인치,2,개,,2025-08-11
비산6동,고지가위(조경),S-660,2,개,,2025-08-11
비산6동,사다리(LS형),LS-46(4*6단),1,개,,2025-08-11
비산6동,라돈아이,,1,개,,2025-08-11
비산6동,직쏘,GST65,1,개,,2025-08-11
비산6동,전공드라이버,220*2*200(-),1,개,,2025-08-11
비산6동,전공드라이버,220*2*150(-),1,개,,2025-08-11
비산6동,전공드라이버,220*2*100(-),1,개,,2025-08-11
비산6동,전공드라이버,220*2*200(+),1,개,,2025-08-11
비산6동,전공드라이버,220*2*150(+),1,개,,2025-08-11
비산6동,전공드라이버,220*2*100(+),1,개,,2025-08-11
비산6동,양손가위(조경),K-5700,2,개,,2025-08-11
비산6동,콤비네이션렌치셋트,6PCS(MM),1,개,,2025-08-11
비산6동,몽키렌치,12인치(300MM),1,개,,2025-08-11
비산6동,몽키렌치,10인치(250MM),1,개,,2025-08-11
비산6동,전지가위,V8(200mm) GOLD,1,개,,2025-08-11
비산6동,수평대(NHMV3-24) 뉴하디자석,24인치(600MM),1,개,,2025-08-11
비산6동,수평대(NHMV3-18) 뉴하디자석,18인치(450MM),1,개,,2025-08-11
비산6동,수평대(NHMV3-12) 뉴하디자석,12인치(300MM),1,개,,2025-08-11
비산6동,톱(전지톱PVC집),300MM,2,개,,2025-08-11
비산6동,워킹메이저,휠크기6,1,개,,2025-08-11
비산6동,레이저거리측정기,BD-D50,1,개,,2025-08-11
비산6동,바이스그립,10WR(10인치),1,개,,2025-08-11
비산6동,톱대(LEDNOX),NO.1012,1,개,,2025-08-11
비산6동,시계드라이버세트,C220-01 (PVC),1,개,,2025-08-11
비산6동,충전스크류드라이버,IXO 3.6 III,1,개,,2025-08-11
비산6동,충전드릴,DCD780M2(18V 4.0Ah),2,개,,2025-08-11
비산6동,볼트커터,18인치 (HA-450),1,개,,2025-08-11
비산6동,철톱,270MM,2,개,,2025-08-11
비산6동,파이프렌치,18인치(450MM),1,개,,2025-08-11
비산6동,파이프렌치,14인치(350MM),1,개,,2025-08-11
비산6동,파이프렌치,12인치(300MM),1,개,,2025-08-11
비산6동,빠루망치,중(화랑망치),1,개,,2025-08-11
비산6동,LED라이트(CRYKET),NE6437,1,개,,2025-08-11
비산6동,건타카,AT-827SD,1,개,,2025-08-11
비산6동,니퍼,6인치(2706),1,개,,2025-08-11
비산6동,롱노즈,6인치(2606),1,개,,2025-08-11
비산6동,드릴세트(USA),19 PCS(1.0 ~ 10mm),1,개,,2025-08-11
비산5동,라돈아이,,1,개,,2025-08-11
비산5동,콤비네이션렌치세트,6PCS(MM),1,개,,2025-08-11
비산5동,LED라이트(CRYKET),NE6437,1,개,,2025-08-11
비산5동,톱대(LENOX),NO.1012,1,개,,2025-08-11
비산5동,건타카,AT-827SD,1,개,,2025-08-11
비산5동,고지가위(조경),S-660,1,개,,2025-08-11
비산5동,양손가위(조경),K-5700,1,개,,2025-08-11
비산5동,톱(전지톱PVC집),300MM,1,개,,2025-08-11
비산5동,접톱(270mm),,1,개,,2025-08-11
비산5동,바이스그립,10WR(10인치),1,개,,2025-08-11
비산5동,파이프렌치,18인치(450MM),1,개,,2025-08-11
비산5동,파이프렌치,14인치(350MM),1,개,,2025-08-11
비산5동,파이프렌치,12인치(300MM),1,개,,2025-08-11
비산5동,전지가위,V9(200mm) GOLD,1,개,,2025-08-11
비산5동,빠루망치(국산),중(화랑망치),1,개,,2025-08-11
비산5동,사다리(LS형),LS-46(4*6단),1,개,,2025-08-11
비산5동,몽키렌치,12인치(300MM),1,개,,2025-08-11
비산5동,몽키렌치,10인치(250MM),1,개,,2025-08-11
비산5동,롱노즈,6인치 (2606),1,개,,2025-08-11
비산5동,니퍼,6인치 (2706),1,개,,2025-08-11
비산5동,전공드라이버,220*6*200(-),1,개,,2025-08-11
비산5동,전공드라이버,220*6*100(-),1,개,,2025-08-11
비산5동,전공드라이버,220*6*100(-),1,개,,2025-08-11
비산5동,전공드라이버,220*2*200(+),1,개,,2025-08-11
비산5동,전공드라이버,220*2*150(+),1,개,,2025-08-11
비산5동,전공드라이버,220*2*100(+),1,개,,2025-08-11
비산5동,볼트캇타,18인치(HA-450),1,개,,2025-08-11
비산5동,드릴세트(USA),19PCS (1.0~10.0mm),1,세트,,2025-08-11
비산5동,시계드라이버세트,C220-01 (PVC),1,세트,,2025-08-11
비산5동,충전스크류드라이버,1XO 3.6 3,1,개,,2025-08-11
비산5동,충전드릴,DCD780M2(18V 4.0Ah),1,개,,2025-08-11
비산4동,전동드릴,,2,세트,,2025-08-11
비산4동,수동절단기,,1,개,,2025-08-11
비산4동,타카,,1,개,,2025-08-11
비산4동,몽키,,3,개,,2025-08-11
비산4동,그라인드,,1,개,,2025-08-11
비산4동,쇠톱,,3,개,,2025-08-11
비산4동,양손가위,,3,개,,2025-08-11
비산4동,파이프렌치,,3,개,,2025-08-11
비산4동,렌치,18mm,1,개,,2025-08-11
비산4동,렌치,14mm,1,개,,2025-08-11
비산4동,렌치,13mm,1,개,,2025-08-11
비산4동,렌치,11mm,1,개,,2025-08-11
비산4동,망치,,1,개,,2025-08-11
비산4동,줄자,7.5m,1,개,,2025-08-11
비산4동,톱,,1,개,,2025-08-11
비산4동,드라이버세트,,2,세트,,2025-08-11
비산4동,니퍼,,1,개,,2025-08-11
비산4동,뺀치,,1,개,,2025-08-11
"비산2,3동",길이세트,,3,개,,2025-08-11
"비산2,3동",비트세트,,3,개,,2025-08-11
"비산2,3동",니퍼,,2,개,,2025-08-11
"비산2,3동",롱노즈,,2,개,,2025-08-11
"비산2,3동",수동타카,,2,개,,2025-08-11
"비산2,3동",양손가위,,2,개,,2025-08-11
"비산2,3동",플라위체인,,2,개,,2025-08-11
"비산2,3동",몽키,,2,개,,2025-08-11
"비산2,3동",코레론 정전기,,2,개,,2025-08-11
"비산2,3동",파이프렌치,,2,개,,2025-08-11
"비산2,3동",손톱,,2,개,,2025-08-11
비산1동,파이프렌치 18,,1,개,,2025-08-11
비산1동,파이프렌치 14,,1,개,,2025-08-11
비산1동,파이프렌치 12,,1,개,,2025-08-11
비산1동,톱,,1,개,,2025-08-11
비산1동,콤비네이션 렌치 21,,1,개,,2025-08-11
비산1동,콤비네이션 렌치 19,,1,개,,2025-08-11
비산1동,콤비네이션 렌치 17,,1,개,,2025-08-11
비산1동,콤비네이션 렌치 14,,1,개,,2025-08-11
비산1동,콤비네이션 렌치 12,,1,개,,2025-08-11
비산1동,콤비네이션 렌치 10,,1,개,,2025-08-11
비산1동,정밀드라이버세트,,1,세트,,2025-08-11
비산1동,접톱,,1,개,,2025-08-11
비산1동,전지가위,,1,개,,2025-08-11
비산1동,전동스크루드라이버,,1,개,,2025-08-11
비산1동,전동드릴,,2,개,,2025-08-11
비산1동,이자르드릴비트세트,,1,세트,,2025-08-11
비산1동,양손조경가위,,1,개,,2025-08-11
비산1동,볼트커터,,1,개,,2025-08-11
비산1동,바이스그립,,1,개,,2025-08-11
비산1동,몽키렌치,,2,개,,2025-08-11
비산1동,목재톱,,1,개,,2025-08-11
비산1동,망치,,1,개,,2025-08-11
비산1동,레이저측정기,,1,개,,2025-08-11
비산1동,라디오뺀치,,1,개,,2025-08-11
비산1동,드라이버,,6,개,,2025-08-11
비산1동,니퍼,,1,개,,2025-08-11
비산1동,건타카,,1,개,,2025-08-11
비산1동,가정용공구함,,5,세트,,2025-08-11
내당4동,호스릴,,1,개,,2025-08-11
내당4동,전기대패,,1,개,,2025-08-11
내당4동,글루건,,3,개,,2025-08-11
내당4동,사다리,,1,개,,2025-08-11
내당4동,전동드릴,,2,개,,2025-08-11
내당4동,전선릴(접지차단),1.5*50m,1,개,,2025-08-11
내당4동,스프링청소기,,1,개,,2025-08-11
내당4동,줄자,,2,개,,2025-08-11
내당4동,양손가위,,2,개,,2025-08-11
내당4동,파이프렌치,12인치. 14인치,1,개,각 1개,2025-08-11
내당4동,전정톱,,2,개,,2025-08-11
내당4동,지프 웨건,,1,개,,2025-08-11
내당4동,볼트갓타,,1,개,,2025-08-11
내당4동,스크레퍼,,2,개,,2025-08-11
내당4동,권타카,,2,개,,2025-08-11
내당4동,톱대,12인치,2,개,,2025-08-11
내당4동,바이스크립,,2,개,,2025-08-11
내당4동,실리콘건,,3,개,,2025-08-11
내당4동,가정용공구,20PCS,3,세트,,2025-08-11
내당4동,전공양용드라이버,100.150.200,1,개,각 1개,2025-08-11
내당4동,다도드라이버,,1,개,,2025-08-11
내당4동,전지가위,,2,개,,2025-08-11
내당4동,고지가위,,2,개,,2025-08-11
내당4동,절단석,,10,개,,2025-08-11
내당4동,다이아몬드날,,1,개,,2025-08-11
내당4동,디스크그라인다,,1,개,,2025-08-11
내당4동,자석수평,,1,개,,2025-08-11
내당4동,볼렌치(육각렌치)9본조,,2,개,,2025-08-11
내당4동,접톱,,1,개,,2025-08-11
내당4동,라쳇콤비라쳇,,2,세트,,2025-08-11
내당4동,몽키(10인치. 12인치),,1,각,,2025-08-11
내당4동,워킹카운터(쌍발),,1,각,,2025-08-11
내당4동,드릴기리,,2,세트,,2025-08-11
내당4동,시계드라이버,,1,세트,,2025-08-11
내당4동,라돈간이측정기,,2,개,,2025-08-11
내당4동,충전드릴,보쉬 IXO-3.6V,2,개,,2025-08-11
내당4동,충전함마드릴,디월트 18V,2,개,,2025-08-11
"내당2,3동",흙칼,,1,개,,2025-08-11
"내당2,3동",고지가위,3미터,2,개,,2025-08-11
"내당2,3동",A형 사다리,,2,개,,2025-08-11
"내당2,3동",콤퓨레샤,,1,개,,2025-08-11
"내당2,3동",고속절삭기,,1,개,,2025-08-11
"내당2,3동",핸드그라인더,,1,개,,2025-08-11
"내당2,3동",충전식 전동드릴,보쉬 GSB18-2-L,3,개,,2025-08-11
"내당2,3동",충전식 전동드릴,밀워키 M18 3,3,개,,2025-08-11
"내당2,3동",라돈측정기,,1,개,,2025-08-11
"내당2,3동",가정용 공구세트,,4,개,,2025-08-11
"내당2,3동",줄자,5미터,1,개,,2025-08-11
"내당2,3동",핫멜트건,,1,개,,2025-08-11
"내당2,3동",에어건,,1,개,,2025-08-11
"내당2,3동",스패너,,11,개,,2025-08-11
"내당2,3동",바이스그립,,1,개,,2025-08-11
"내당2,3동",수동타카,,2,개,,2025-08-11
"내당2,3동",체인그립 플라이어,,1,개,,2025-08-11
"내당2,3동",전동드릴비트 세트,,3,개,,2025-08-11
"내당2,3동",전동드릴비트,,9,개,,2025-08-11
"내당2,3동",망치,,2,개,,2025-08-11
"내당2,3동",니퍼,,2,개,,2025-08-11
"내당2,3동",파이프렌치,12인치,2,개,,2025-08-11
"내당2,3동",롱노즈,,1,개,,2025-08-11
"내당2,3동",몽키스패너,,2,개,,2025-08-11
"내당2,3동",케이블커터,18인치,1,개,,2025-08-11
"내당2,3동",수동절단기,24인치,1,개,,2025-08-11
"내당2,3동",수동절단기,14인치,1,개,,2025-08-11
"내당2,3동",양손조경가위,,2,개,,2025-08-11
"내당2,3동",코메론 정전톱,,2,개,,2025-08-11
"내당2,3동",쇠톱,,2,개,,2025-08-11
