"시공업체 일련번호","업체명","사업자등록번호","개업일자","대표자","업체연락처","사업종목","보유면허","주요시공분야","행정동코드","업체주소"
"1543","주손인테리어","204-09-71681","2009-10-19","김명선","02-957-6700","인테리어, 철거공사, 상하수도설비공사","-","목공사,창호 및 유리공사,타일공사,도장공사,단열공사,수장공사(도배,마감공사),급배수위생설비공사,난방설비공사(보일러),전기(배관/배선)공사,조명공사","1135010300","서울특별시 노원구 동일로176길 11-19 1층"
"1542","홈스타","358-72-00532","2024-03-13","민윤정","02-956-9117","금속창호, 인테리어","-","방수공사,목공사,금속공사,지붕 및 홈통공사,창호 및 유리공사,타일공사,도장공사,단열공사,수장공사(도배,마감공사),난방설비공사(보일러)","1132010800","서울특별시 도봉구 도봉로 791 1층"
"1541","예찬인테리어","209-09-47395","2007-05-07","황영배","02-959-3367","금속, 창호, 인테리어, 도장공사","-","방수공사,금속공사,창호 및 유리공사,타일공사,도장공사,단열공사,수장공사(도배,마감공사)","1129013900","서울특별시 성북구 한천로78길 5 1층"
"1531","주식회사 푸른건설시스템","664-81-02005","2021-03-01","김동진","070-4411-5074","정화조, 하수처리 사공, 시스템비계, 조배, 실내장식 및 내장목공업","-","방수공사,목공사,금속공사,지붕 및 홈통공사,창호 및 유리공사,타일공사,도장공사,단열공사,수장공사(도배,마감공사),급배수위생설비공사,난방설비공사(보일러),전기(배관/배선)공사,조명공사","1123010600","서울특별시 동대문구 천호대로89길 16 302-1호"
"1521","해창뜰인테리어","206-69-02786","2014-02-10","최홍균","02-938-6171","인테리어","-","방수공사,목공사,금속공사,지붕 및 홈통공사,창호 및 유리공사,타일공사,도장공사,단열공사,수장공사(도배,마감공사),급배수위생설비공사,난방설비공사(보일러),전기(배관/배선)공사,조명공사","1135010500","서울특별시 노원구 덕릉로118길 11 2층"
"1511","태양공사","201-01-99541","2014-01-08","장달동","02-2245-0250","인테리어, 설비, 창호","-","방수공사,목공사,금속공사,지붕 및 홈통공사,창호 및 유리공사,타일공사,도장공사,단열공사,수장공사(도배,마감공사),급배수위생설비공사,난방설비공사(보일러),전기(배관/배선)공사,조명공사,기타(씽크대)","1123010600","서울특별시 동대문구 장한로 190 1층"
"1502","도깨비8204","726-09-00027","2015-03-02","김태현","","집수리전문","-","방수공사,목공사,금속공사,지붕 및 홈통공사,창호 및 유리공사,타일공사,도장공사,단열공사,수장공사(도배,마감공사),급배수위생설비공사,난방설비공사(보일러),전기(배관/배선)공사,조명공사,기타(필름시공)","1130510100","서울특별시 강북구 솔매로 6 상가 102호"
"1501","길원건설","124-48-86140","2011-03-20","이복길","","집수리, 기와, 냉난방, 방수, 도색, 철물구조공사, 창호공사","-","방수공사,목공사,금속공사,지붕 및 홈통공사,창호 및 유리공사,타일공사,도장공사,단열공사,수장공사(도배,마감공사),급배수위생설비공사,난방설비공사(보일러),전기(배관/배선)공사,조명공사","1130510400","서울특별시 강북구 삼양로 658 1층 106호"
"1491","바이킹컴퍼니 주식회사","893-81-03539","2025-02-06","이윤영","","인테리어","-","방수공사,목공사,금속공사,지붕 및 홈통공사,창호 및 유리공사,타일공사,도장공사,단열공사,수장공사(도배,마감공사),급배수위생설비공사,난방설비공사(보일러),전기(배관/배선)공사,조명공사","1141011100","서울특별시 서대문구 간호대로 48 지층"
"1481","한길특수건설(주)","210-81-19268","1983-11-05","안효석","02-998-1077","건설업","건축공사업","목공사,창호 및 유리공사,타일공사,도장공사","1126010600","서울특별시 중랑구 신내역로3길 40-36 신내 데시앙플렉스 지식산업센터 A동 713호"
"1471","참빛집수리","760-72-00657","2024-04-01","신경은","","도배, 실내장식 및 내장목공사업, 집수리","-","목공사,타일공사,수장공사(도배,마감공사),급배수위생설비공사,전기(배관/배선)공사,조명공사","1141011000","서울특별시 서대문구 신촌로 245 1층 101호"
"1461","주식회사 해피에이징","248-88-00425","2016-05-25","권경혁","02-6736-5678","(경미한공사)인테리어","전기기능사","전기(배관/배선)공사,조명공사","1147010100","서울특별시 양천구 신정로 267 703호"
"1451","(주)루틱스글로벌","110-81-71742","2005-08-26","신승록","02-2281-1385","유리 및 창호공사업","건축기사1급","창호 및 유리공사","1129010300","서울특별시 성북구 동소문로34길 24 A동상가 106호"
"1441","건축공사 산이","588-51-00481","2020-06-01","남아인","","시설유지보수, 구조물해체철거, 철구조물, 창호","-","방수공사,금속공사,지붕 및 홈통공사,창호 및 유리공사,타일공사,단열공사,난방설비공사(보일러)","1132010500","서울특별시 도봉구 노해로 137 B1 좌측"
"1431","주식회사 다인커뮤니케이션","135-88-01701","2020-04-28","박현아","02-356-5904","인테리어(1천5백만원미만)","-","방수공사,목공사,금속공사,창호 및 유리공사","1138010400","서울특별시 은평구 연서로27길 13-10 1층"
"1423","바름종합건설 주식회사","846-88-02585","2022-04-07","이이화","02-883-2122","건축공사업","건축공사업","방수공사,목공사,금속공사,지붕 및 홈통공사,창호 및 유리공사,타일공사,도장공사,단열공사,수장공사(도배,마감공사),급배수위생설비공사,난방설비공사(보일러),전기(배관/배선)공사,조명공사","1162010100","서울특별시 관악구 관악로 148 303호"
"1422","부강설비기공(주)","108-81-63818","2004-01-01","강선옥","02-592-2373","건축기계설비업, 주택신축, 가스시설, 시공업, 소방설비업","가스시설시공업, 기계설비공사업","방수공사,타일공사,도장공사,단열공사,수장공사(도배,마감공사),급배수위생설비공사,난방설비공사(보일러)","1159010700","서울특별시 동작구 사당로26길 61 1층"
"1412","탑(TOP)종합건축","120-37-01686","2025-03-20","이선학","02-977-0482","도배, 실내장식 및 내장목공","건축도장기능사","방수공사,목공사,금속공사,지붕 및 홈통공사,창호 및 유리공사,타일공사,도장공사,단열공사,수장공사(도배,마감공사),급배수위생설비공사,난방설비공사(보일러),전기(배관/배선)공사,조명공사","1126010400","서울특별시 중랑구 동일로143길 72 1층 101호"
"1411","플러스건축","197-01-03083","2023-09-01","최영민","","인테리어, 방수공사, 누수설비공사, 도장공사","-","방수공사,목공사,지붕 및 홈통공사,창호 및 유리공사,타일공사,도장공사,단열공사,수장공사(도배,마감공사),난방설비공사(보일러)","1126010500","서울특별시 중랑구 겸재로 263 지층"
"1404","지우디자인","661-12-01957","2021-10-01","이지우","070-8691-3114","종합건설인테리어, 리모델링, 실내아트페인트공사외","없음","방수공사,도장공사","1130510100","서울특별시 강북구 삼양로63길 3 우측"
"1403","다함기업","119-15-52577","2008-02-01","김경일","02-888-9200","창호건물, 창호공사, 철물공사, 실내장식","건축도장기능사","방수공사,목공사,금속공사,지붕 및 홈통공사,창호 및 유리공사,타일공사,도장공사,단열공사,수장공사(도배,마감공사),난방설비공사(보일러),전기(배관/배선)공사","1162010200","서울특별시 관악구 난곡로24길 22 1층"
"1402","주식회사 동아종합건설","106-87-06341","2014-05-07","박하민","02-833-4720","실내건축공사","건축공사업","방수공사,목공사,금속공사,지붕 및 홈통공사,창호 및 유리공사,타일공사,도장공사,단열공사,수장공사(도배,마감공사),급배수위생설비공사,난방설비공사(보일러),전기(배관/배선)공사,조명공사,기타(철근콘크리트)","1156013200","서울특별시 영등포구 도신로52길 7 1층"
"1401","바른돌건설","795-86-01469","2019-07-19","김재중","02-357-2220","도장, 습식, 방수, 석공사업","습식방수공사업, 도징공사업","방수공사,타일공사,도장공사,기타(석공사, 습식공사)","1138010200","서울특별시 은평구 응암로 377 402호"
"1395","정종합인테리어","297-32-00755","2020-04-02","정윤성","","미장, 타일 및 방수 공사업, 유리 및 창호 공사업","-","방수공사,목공사,창호 및 유리공사,타일공사,단열공사,수장공사(도배,마감공사),난방설비공사(보일러),전기(배관/배선)공사,조명공사","1162010200","서울특별시 관악구 원신길 91-1 1층"
"1394","디엠디건축","856-56-00939","2025-04-10","모현숙","","인테리어","-","방수공사,목공사,금속공사,창호 및 유리공사,타일공사,난방설비공사(보일러)","1162010200","서울특별시 관악구 난곡로24길 55 1층 101호"
"1393","인테리어 모아","732-52-00519","2022-07-01","김은희","02-883-8907","인테리어","-","목공사,창호 및 유리공사,타일공사,도장공사,수장공사(도배,마감공사)","1162010100","서울특별시 관악구 관악로 287 상가 109호"
"1392","금호지붕","495-66-00223","2019-03-15","최영배","02-6013-2448","칼라강판, 실내외인테리어","-","지붕 및 홈통공사","1126010100","서울특별시 중랑구 면목로53길 51 1층"
"1391","동운디엔씨(주)","402-81-30655","2000-01-20","이영호","02-358-3655","금속구조물, 창호공사업, 토목건축, 도장공사업, 시설물유지관리","실내건축공사, 습식방수공사, 도장공사, 금속구조물창호온실공사, 지붕판금건축 등","방수공사,목공사,금속공사,지붕 및 홈통공사,창호 및 유리공사,타일공사,도장공사,단열공사,수장공사(도배,마감공사),난방설비공사(보일러),조명공사,기타(토공, 포장)","1138010200","서울특별시 은평구 은평로 217 502호"
"1388","금강인테리어","108-01-07153","2006-05-19","강장식","","인테리어","-","목공사,지붕 및 홈통공사,창호 및 유리공사","1162010100","서울특별시 관악구 낙성대역길 35 1층"
"1387","청목CM건축","101-12-66308","2008-08-19","박용주","02-766-0488","리모델링, 인테리어공사","-","방수공사,목공사,금속공사,지붕 및 홈통공사,창호 및 유리공사,타일공사,도장공사,단열공사,수장공사(도배,마감공사),급배수위생설비공사,난방설비공사(보일러),전기(배관/배선)공사,조명공사","1111017400","서울특별시 종로구 창신길 31 1층"
"1386","삼전디앤씨","426-88-03186","2024-10-24","전주원","02-1555-1308","건설업","도배, 실내 장식 및 내장 목공사업","방수공사,목공사,창호 및 유리공사,타일공사,도장공사,단열공사,수장공사(도배,마감공사),급배수위생설비공사,난방설비공사(보일러),전기(배관/배선)공사,조명공사","1168010400","서울특별시 강남구 학동로101길 21 5층 501호"
"1385","주민산업건설(주)","192-86-01068","2018-08-20","이일호","02-965-8088","인테리어공사업, 습식방수공사업, 도장공사업, 건축공사업 외","-","방수공사,목공사,금속공사,지붕 및 홈통공사,창호 및 유리공사,타일공사,도장공사,단열공사,수장공사(도배,마감공사),급배수위생설비공사,난방설비공사(보일러),전기(배관/배선)공사,조명공사","1123010900","서울특별시 동대문구 이문로12길 60 101호"
"1384","연 건축사사무소","101-03-30389","2001-01-11","변봉연","02-387-2255","인테리어(건당1500만원미만공사)","-","방수공사,목공사,금속공사,지붕 및 홈통공사,창호 및 유리공사,타일공사,도장공사,단열공사,수장공사(도배,마감공사),급배수위생설비공사,난방설비공사(보일러),전기(배관/배선)공사,조명공사","1138010200","서울특별시 은평구 진흥로 120 3층"
"1383","다율이앤씨(주)","873-81-02763","2022-08-01","신명철","02-998-3053","소방시설공사, 기계설비공사, 보일러공사","가스시설시공업제2종, 난방시공업제2종","방수공사,단열공사,급배수위생설비공사,난방설비공사(보일러)","1132010700","서울특별시 도봉구 덕릉로63길 112 1층"
"1382","대림건축","210-04-96800","2001-03-12","박철수","02-3491-8494","시설물유지관리공사","온수보일러시공기능사, 방수기능사, ","방수공사,목공사,금속공사,지붕 및 홈통공사,창호 및 유리공사,타일공사,도장공사,단열공사,수장공사(도배,마감공사),급배수위생설비공사,난방설비공사(보일러),전기(배관/배선)공사,조명공사","1132010600","서울특별시 도봉구 방학로2길 54 1층"
"1381","정성공사","210-01-17328","2013-10-07","최영희","02-3676-0404","가스시공업, 건물철거업, 난방시공업, 인테리어","난방시공업제2종, 가스시설시공업제3종","방수공사,목공사,금속공사,지붕 및 홈통공사,창호 및 유리공사,타일공사,도장공사,단열공사,수장공사(도배,마감공사),급배수위생설비공사,난방설비공사(보일러),조명공사","1130510100","서울특별시 강북구 삼양로20길 45 1층"
"1373","(주)헤미","643-86-03225","2023-11-05","최민주","02-704-0161","실내건축공사업","실내건축공사업","방수공사,목공사,금속공사,지붕 및 홈통공사,창호 및 유리공사,타일공사,도장공사,단열공사,수장공사(도배,마감공사),난방설비공사(보일러),조명공사","1138010800","서울특별시 은평구 진흥로7길 26 1층 103호"
"1372","씨에스인테리어","206-08-58649","2000-07-26","이창성","02-3437-3535","인테리어","-","방수공사,목공사,금속공사,창호 및 유리공사,타일공사,도장공사,단열공사,수장공사(도배,마감공사),급배수위생설비공사,난방설비공사(보일러),전기(배관/배선)공사,조명공사","1121510100","서울특별시 광진구 긴고랑로47길 11 202호"
"1371","주식회사 비앤오코퍼레이션(방수119)","140-81-97030","2018-07-01","배택진","02-511-1716","건설업(미장, 타일, 방수공사)","-","방수공사","1168010700","서울특별시 강남구 강남대로160길 23-4 지하1층"
"1361","동방인테리어","281-27-01982","2025-01-02","김환길","","인테리어, 상하수도 공사","없음","방수공사,목공사,금속공사,창호 및 유리공사,타일공사,도장공사,단열공사,급배수위생설비공사,난방설비공사(보일러),조명공사","1121510500","서울특별시 광진구 자양로6길 17 1층 코너호"
"1351","홈리본(Home Re-Born)","569-48-00743","2022-07-04","김영우","","도배, 실내장식 및 내장목공사업","없음","방수공사,단열공사,수장공사(도배,마감공사)","1159010200","서울특별시 동작구 국사봉길 141 상가1층"
"1341","마루스페이스(주)","101-86-14102","2005-04-18","이기태","02-742-7077","실내건축","건축기사1급","방수공사,목공사,금속공사,지붕 및 홈통공사,창호 및 유리공사,타일공사,도장공사,단열공사,수장공사(도배,마감공사),급배수위생설비공사,난방설비공사(보일러)","1111017300","서울특별시 종로구 명륜7길 21 1층"
"1331","집수리통","593-08-02243","2023-02-14","이정훈","02-1544-0870","집수리","집수리사, 온수온돌기능사, 방수기능사, 가스안전관리자, 싱크대상판수리사, 대리석타일수리사","방수공사,창호 및 유리공사,타일공사,도장공사,단열공사,수장공사(도배,마감공사),급배수위생설비공사,난방설비공사(보일러)","1154510100","서울특별시 금천구 가산디지털1로 168 B동 지하1츨 116호"
"1321","서우테크","421-23-01490","2023-04-20","조현우","","홈오토,CCTV외,도배,방수,설비","없음","방수공사,목공사,창호 및 유리공사,타일공사,도장공사,수장공사(도배,마감공사),난방설비공사(보일러),전기(배관/배선)공사,조명공사","1132010500","서울특별시 도봉구 우이천로48길 9 1층 105호"
"1311","보람건축","210-18-81089","2010-03-29","소정수","","창호 및 샷시공사","없음","방수공사,목공사,금속공사,지붕 및 홈통공사,창호 및 유리공사,타일공사,도장공사,단열공사,수장공사(도배,마감공사),급배수위생설비공사,난방설비공사(보일러),전기(배관/배선)공사,조명공사","1132010500","서울특별시 도봉구 노해로 226 1층"
"1301","적정기술공방 주식회사","278-88-01269","2019-02-15","정의웅","02-388-9959","주택수리교육, 주택수리건설","실내건축공사업","방수공사,목공사,금속공사,지붕 및 홈통공사,창호 및 유리공사,타일공사,도장공사,단열공사,수장공사(도배,마감공사),급배수위생설비공사,난방설비공사(보일러),전기(배관/배선)공사,조명공사","1138010400","서울특별시 은평구 갈현로19길 9-8 1층"
"1291","정도건축","584-27-01445","2024-07-23","김소정","02-6372-0494","인테리어, 목공, 도장, 방수","건축기사, 건축목공기능사, 건축도장기능사, 방수기능사","방수공사,목공사,지붕 및 홈통공사,창호 및 유리공사,타일공사,도장공사,단열공사,수장공사(도배,마감공사),급배수위생설비공사,난방설비공사(보일러),조명공사","1141010500","서울특별시 서대문구 독립문로14길 66 103호"
"1282","(주)장식가","543-87-00279","2016-01-16","이영규","02-3411-8400","실내건축공사, 건축자재판매, 전문디자인","방수기능사","방수공사,목공사,금속공사,지붕 및 홈통공사,창호 및 유리공사,타일공사,도장공사,단열공사,수장공사(도배,마감공사),급배수위생설비공사,난방설비공사(보일러),전기(배관/배선)공사,조명공사","1168010500","서울특별시 강남구 삼성로126길 6 보고재빌딩 지하1층"
"1281","(주)서진아이앤티","351-88-01303","2019-05-17","민재윤","02-3471-3200","도배, 실내장식 및 내장 목공사업","석공사업","방수공사,목공사,타일공사,도장공사,단열공사,수장공사(도배,마감공사)","1150010500","서울특별시 강서구 공항대로 227 마곡센트럴 1차 1002호"
"1272","(주)기연기업","741-81-00089","2015-04-08","천병일","02-795-8070","기계설비, 냉난방","가스시설시공업 제1종, 난방시공업 제1종","급배수위생설비공사,난방설비공사(보일러)","1117010100","서울특별시 용산구 두텁바위로 53-7 103호"
"1271","하나개발","116-46-80331","2016-05-09","손찬수","02-2060-1951","방수공사(건당 1500만원 미만)","없음","방수공사,목공사,금속공사,지붕 및 홈통공사,창호 및 유리공사,타일공사,도장공사,단열공사,수장공사(도배,마감공사),급배수위생설비공사,난방설비공사(보일러),전기(배관/배선)공사,조명공사","1153010600","서울특별시 구로구 고척로55길 40 102호"
"1262","부리디자인(BURI DESIGN)","405-07-35663","2021-05-27","이경목","","실내장식","도장기능사","방수공사,목공사,금속공사,창호 및 유리공사,타일공사,도장공사,단열공사,수장공사(도배,마감공사),급배수위생설비공사,난방설비공사(보일러),전기(배관/배선)공사,조명공사","1129010300","서울특별시 성북구 성북로4길 52 스카이프라자 상가 서관 508호"
"1261","주식회사 청림종합건설","375-86-02890","2023-07-26","이희복","02-743-7341","인테리어, 건축공사업","없음","방수공사,목공사,금속공사,지붕 및 홈통공사,타일공사,도장공사,수장공사(도배,마감공사),기타(철거)","1111016700","서울특별시 종로구 율곡로 251-1 1층"
"1252","(주)호세산업개발","204-81-95715","2006-02-09","장영주","02-2246-0636","미장, 방수, 조적, 타일, 도장, 석공사","미장기능사, 방수기능사","방수공사,목공사,타일공사,도장공사","1126010100","서울특별시 중랑구 면목로 368 4층"
"1251","생활설비 인테리어","409-47-03010","2019-08-26","이선희","02-6487-7084","인테리어","없음","목공사,금속공사,지붕 및 홈통공사,창호 및 유리공사,타일공사,도장공사,단열공사,수장공사(도배,마감공사),급배수위생설비공사,난방설비공사(보일러),전기(배관/배선)공사,조명공사","1153010300","서울특별시 구로구 디지털로27길 73 1층"
"1241","동양기업","109-12-63815","2011-02-04","염찬열","02-2601-8970"," 건설업, 도소매업","창호금속공사, 서비스, 건축자재","금속공사,지붕 및 홈통공사,창호 및 유리공사","1150010300","서울특별시 강서구 화곡로18길 9 1층 2호"
"1232","영진종합설비공사","204-04-57345","2000-05-22","이상춘","02-491-8941","시설물유지공사, 위생도기, 보일러","없음","방수공사,목공사,지붕 및 홈통공사,창호 및 유리공사,타일공사,도장공사,단열공사,수장공사(도배,마감공사),급배수위생설비공사,난방설비공사(보일러),전기(배관/배선)공사","1126010100","서울특별시 중랑구 봉우재로14길 19 1층"
"1231","미가건축인테리어","210-01-87824","2011-03-28","정진군","02-959-5611","인테리어, 잡철, 창호","건축목공기능사보","방수공사,목공사,금속공사,지붕 및 홈통공사,창호 및 유리공사,타일공사,도장공사,단열공사,급배수위생설비공사,난방설비공사(보일러),조명공사","1130510100","서울특별시 강북구 솔매로45길 43 1층"
"1223","에스테이트","490-21-01911","2023-07-24","임미애","","실내인테리어","없음","목공사,지붕 및 홈통공사,창호 및 유리공사,타일공사,도장공사,단열공사,수장공사(도배,마감공사),난방설비공사(보일러),전기(배관/배선)공사,조명공사","1168010100","서울특별시 강남구 언주로89길 9 3층 3호"
"1222","창성종합공사","624-08-00665","2017-08-24","임창기","02-516-2614","인테리어, 기타서비스업","없음","방수공사,목공사,금속공사,지붕 및 홈통공사,창호 및 유리공사,도장공사,수장공사(도배,마감공사),난방설비공사(보일러)","1165010800","서울특별시 서초구 명달로20길 45 1층"
"1216","창성기공","713-62-00588","2022-07-29","이상식","","배관, 난방공사","가스안전관리자격증(온수보일러시공자)","단열공사","1117013000","서울특별시 용산구 회나무로 28 1층"
"1215","방수청건설","643-58-00676","2023-06-01","이명주","02-400-2323","미장, 타일, 방수, 공사업","건축도장기능사","방수공사,타일공사,도장공사","1171010800","서울특별시 송파구 송이로32길 22 103호"
"1214","대원난방","110-19-08882","1988-09-27","김종남","02-737-2693","건설업","설비","방수공사,목공사,금속공사,지붕 및 홈통공사,창호 및 유리공사,타일공사,도장공사,단열공사,수장공사(도배,마감공사),급배수위생설비공사,난방설비공사(보일러),전기(배관/배선)공사,조명공사","1111018700","서울특별시 종로구 통일로12길 45 1층"
"1213","삼호인테리어","156-55-00604","2021-02-17","손경애","02-435-5331","인테리어","없음","방수공사,도장공사,단열공사","1126010100","서울특별시 중랑구 겸재로3길 22 1층 103호"
"1212","루미너스313","767-20-00038","2015-03-13","최승혁","","미장타일방수, 내장, 목공사업","방수기능사, 실내건축기사","방수공사,목공사,타일공사,단열공사","1120010200","서울특별시 성동구 왕십리로31가길 24 3층"
"1211","신영건축","354-25-01796","2024-03-26","신종필","","인테리어","없음","방수공사,목공사,금속공사,지붕 및 홈통공사,창호 및 유리공사,타일공사,도장공사,단열공사,수장공사(도배,마감공사),급배수위생설비공사,난방설비공사(보일러),전기(배관/배선)공사,조명공사","1130510300","서울특별시 강북구 인수봉로 198 1층 좌측호"
"1203","(주)티피디자인","204-86-43639","2013-06-26","신인희","02-3296-4073","실내장식, 습식방수","없음","방수공사,목공사,금속공사,창호 및 유리공사,타일공사,도장공사,단열공사,수장공사(도배,마감공사),급배수위생설비공사,난방설비공사(보일러),전기(배관/배선)공사,조명공사","1126010400","서울특별시 중랑구 동일로156길 27 1층"
"1202","한옥3D","742-38-00451","2018-10-18","윤재선","","3d제작, 인테리어, 건물수리","없음","방수공사,목공사,창호 및 유리공사,타일공사,도장공사,단열공사,수장공사(도배,마감공사),급배수위생설비공사,난방설비공사(보일러),전기(배관/배선)공사,조명공사","1123010400","서울특별시 동대문구 한천로43길 8-20 1층"
"1201","강북인테리어","210-19-96648","2011-04-01","이선주","","건축인테리어, 배관설치공사","난방시공업제2종","방수공사,금속공사,지붕 및 홈통공사,창호 및 유리공사,타일공사,도장공사,단열공사,수장공사(도배,마감공사),급배수위생설비공사,난방설비공사(보일러),전기(배관/배선)공사,조명공사","1130510300","서울특별시 강북구 삼양로123길 55 1층"
"1195","(주)신우존","436-88-02530","2021-12-27","강대우","","도배, 실내장식 및 내장목공사업","방수기능사","방수공사,목공사,금속공사,지붕 및 홈통공사,창호 및 유리공사,타일공사,도장공사,단열공사,수장공사(도배,마감공사),급배수위생설비공사,난방설비공사(보일러),전기(배관/배선)공사,조명공사","1138010100","서울특별시 은평구 은평터널로 64 상가동 201호"
"1194","(주)현대데코디자인","211-88-68267","2011-11-07","최성완","02-542-2676","인테리어, 실내장식","없음","창호 및 유리공사,단열공사","1168010800","서울특별시 강남구 학동로23길 22 204호"
"1193","버드디자인","721-14-02738","2024-03-25","김옥희","","도배, 실내장식 및 내장목공사업","없음","목공사,수장공사(도배,마감공사)","1165010600","서울특별시 서초구 강남대로93길 15 4층1호"
"1192","(주)대성지퍼스트","206-86-22120","2008-01-10","양희중","02-467-7774","도장공사, 인테리어, 페인트, 건설자재","건설기술등록증","방수공사,도장공사","1121510100","서울특별시 광진구 긴고랑로1길 12 1층"
"1191","제일종합설비","110-06-42819","2001-09-20","조봉수","02-303-2891","가스, 난방","온수온돌기능사","방수공사,목공사,금속공사,지붕 및 홈통공사,창호 및 유리공사,타일공사,도장공사,단열공사,급배수위생설비공사,난방설비공사(보일러),전기(배관/배선)공사,조명공사","1141011900","서울특별시 서대문구 거북골로16길 8 1층"
"1182","대성종합인테리어","348-54-00088","2016-01-01","조동철","02-2249-5330","난방설비, 위생설비, 방수, 도배, 장판, 자재철거","난방시공업 제2종 등 기타","방수공사,목공사,금속공사,지붕 및 홈통공사,창호 및 유리공사,타일공사,도장공사,단열공사,수장공사(도배,마감공사),급배수위생설비공사,난방설비공사(보일러),전기(배관/배선)공사,조명공사","1123010600","서울특별시 동대문구 사가정로25길 17 1층"
"1181","플러스더하기","206-31-88710","2014-07-16","곽기련","02-493-3255","도배, 실내장식 및 내장목공사업","없음","목공사,창호 및 유리공사,타일공사,단열공사,기타(인테리어)","1126010100","서울특별시 중랑구 면목로 274 1층"
"1176","주식회사서문건설","799-88-00490","2017-02-13","김상일","","건축공사업 외","없음","목공사,금속공사,창호 및 유리공사,단열공사,수장공사(도배,마감공사),급배수위생설비공사,난방설비공사(보일러),조명공사","1123010600","서울특별시 동대문구 천호대로83길 3 지하2층"
"1175","유진종합공사","110-10-86212","2004-12-31","박은경","02-354-9136","철물, 창호공사","없음","목공사,금속공사,창호 및 유리공사","1138010300","서울특별시 은평구 통일로78길 24 B01호"
"1174","주식회사에이치와이건축","176-86-03254","2024-01-26","유현혜,홍경표","070-7640-7934","실내건축공사","실내건축공사업","목공사,금속공사,지붕 및 홈통공사,창호 및 유리공사,도장공사,단열공사,수장공사(도배,마감공사),난방설비공사(보일러)","1130510300","서울특별시 강북구 인수봉로 254 1층"
"1172","디자인올림인테리어","171-12-02491","2023-11-20","조일상","070-4647-2122","도배, 실내장식 및 내장목공사업","없음","방수공사,목공사,금속공사,지붕 및 홈통공사,창호 및 유리공사,타일공사,도장공사,단열공사,수장공사(도배,마감공사),급배수위생설비공사,난방설비공사(보일러),전기(배관/배선)공사,조명공사,기타(철거)","1123010600","서울특별시 동대문구 답십리로72길 46 2층 15호"
"1171","(주)득제종합건설","252-87-01222","2018-10-18","차하일","070-7680-2314","건설업","건축공사업","방수공사,목공사,금속공사,지붕 및 홈통공사,창호 및 유리공사,타일공사,도장공사,단열공사,수장공사(도배,마감공사),급배수위생설비공사,난방설비공사(보일러),전기(배관/배선)공사,조명공사","1162010100","서울특별시 관악구 봉천로15길 29 1동 301호"
"1166","사과나무인테리어","105-18-84858","2012-02-13","이영우","02-703-0477","인테리어, 건설자재","없음","방수공사,목공사,창호 및 유리공사,타일공사,도장공사,단열공사,수장공사(도배,마감공사),급배수위생설비공사,전기(배관/배선)공사,조명공사","1144011100","서울특별시 마포구 대흥로9길 4 1층"
"1164","알플랜(RPLAN)","393-35-00559","2019-07-01","이정환","02-730-1288","인테리어","없음","창호 및 유리공사,조명공사,기타(설계, 디자인, 감리)","1111010100","서울특별시 종로구 자하문로 106-3 지층"
"1163","공간디자인 지구","478-08-02774","2024-01-29","김가령","","그 외 기타 건축마무리 공사업","없음","목공사,창호 및 유리공사,수장공사(도배,마감공사)","1153010200","서울특별시 구로구 새말로9길 45 지층 34,35호"
"1162","마성종합설비","520-14-02310","2023-11-27","김종필","520-14-0231","가스, 난방공사업","난방공사(제2종)","방수공사,지붕 및 홈통공사,창호 및 유리공사,타일공사,도장공사,단열공사,수장공사(도배,마감공사),급배수위생설비공사,난방설비공사(보일러),조명공사,기타(종합시공)","1156012300","서울특별시 영등포구 선유로3길 19-1 지층 B101호"
"1161","용테리어","333-88-02828","2023-12-06","이용석","02-3452-0086","실내인테리어","실내건축공사업","방수공사,목공사,금속공사,창호 및 유리공사,타일공사,도장공사,단열공사,수장공사(도배,마감공사),급배수위생설비공사,난방설비공사(보일러),전기(배관/배선)공사,조명공사","1168010600","서울특별시 강남구 남부순환로 2936 108-2호"
"1151","주식회사더몽","768-81-01064","2018-05-03","나윤도","02-498-2375","실내장식","없음","방수공사,목공사,금속공사,지붕 및 홈통공사,창호 및 유리공사,타일공사,도장공사,단열공사,수장공사(도배,마감공사),급배수위생설비공사,난방설비공사(보일러),전기(배관/배선)공사,조명공사","1120010500","서울특별시 성동구 마장로39길 31 5층"
"1149","태양샷시","519-19-01387","2021-03-31","정봉식","","샷시, 인테리어공사","없음","창호 및 유리공사","1130510200","서울특별시 강북구 오현로25다길 1 지하층2호"
"1148","대진설비","424-06-02943","2024-02-01","김희주","","타일및방수공사업, 창호및유리공사, 단열공사(경미한공사)","없음","방수공사,목공사,금속공사,창호 및 유리공사,타일공사,도장공사,단열공사,수장공사(도배,마감공사),급배수위생설비공사,난방설비공사(보일러)","1120012200","서울특별시 성동구 용답중앙길 47 1층"
"1147","한도타일도기","551-49-00996","2022-12-30","강유정","02-433-1975","타일, 위생기와, 인테리어, 위생기 외","없음","목공사,창호 및 유리공사,타일공사,도장공사,수장공사(도배,마감공사)","1126010300","서울특별시 중랑구 봉화산로 61 정신빌딩 1층"
"1146","(주)레오건축","189-87-01977","2021-01-01","현수아","02-6339-6999","실내건축공사","없음","방수공사,목공사,금속공사,지붕 및 홈통공사,창호 및 유리공사,타일공사,도장공사,단열공사,수장공사(도배,마감공사),급배수위생설비공사,난방설비공사(보일러),전기(배관/배선)공사,조명공사","1154510300","서울특별시 금천구 시흥대로54길 1 지하1층"
"1145","포스코공사","838-32-00954","2021-05-25","김하림","","인테리어, 방수, 창호공사","없음","방수공사,지붕 및 홈통공사,창호 및 유리공사,타일공사,도장공사","1147010100","서울특별시 양천구 신월로36길 11 1층"
"1144","신명건설","117-14-92969","2020-11-23","정기석","02-2601-6947","신축, 증축, 리모델링","건축사, 건축기사","방수공사,목공사,금속공사,지붕 및 홈통공사,창호 및 유리공사,도장공사,단열공사,수장공사(도배,마감공사),전기(배관/배선)공사,조명공사","1147010100","서울특별시 양천구 신정중앙로 52 407호"
"1143","공감","110-17-76862","2011-05-20","김성욱","","인테리어, 가스시설시공","가스안전관리자","방수공사,목공사,금속공사,지붕 및 홈통공사,창호 및 유리공사,타일공사,도장공사,단열공사,수장공사(도배,마감공사),급배수위생설비공사,난방설비공사(보일러),전기(배관/배선)공사,조명공사,기타(조적, 미장, 싱크대)","1141010200","서울특별시 서대문구 경기대로9안길 46 1층"
"1142","남선종합공사","112-01-55222","2005-03-18","최기현","02-838-6763","잡철, 샷시","없음","금속공사,창호 및 유리공사,단열공사","1162010200","서울특별시 관악구 관천로11길 14 1층"
"1141","(주)혁신","640-86-00836","2017-04-21","정양화","032-666-5100","창문, 문틀, 유리/금속구조물창호온실공사","없음","금속공사","1153011000","서울특별시 구로구 부일로1나길 14 (주)혁신"
"1131","153하우징","433-26-00272","2016-07-01","차현경","","벽지및장판, 도배, 실내장식및내장목공사업, 조명및공사, 건축자재(목재품), 전기자재","없음","목공사,창호 및 유리공사,타일공사,도장공사,단열공사,수장공사(도배,마감공사),조명공사","1147010300","서울특별시 양천구 중앙로 329 1층"
"1121","(주)이경건설","117-81-83180","2013-02-06","이경숙","02-2065-3080","금속구조물, 창호, 인테리어","건설기술경력증(24년)","방수공사,금속공사,지붕 및 홈통공사,창호 및 유리공사,단열공사","1156011700","서울특별시 영등포구 당산로54길 11 상가동 103호"
"1111","한국지엠건설(주)","429-81-01780","2020-02-27","이상용","02-6342-3004","종합건축공사","없음","방수공사,목공사,금속공사,지붕 및 홈통공사,창호 및 유리공사,타일공사,도장공사,단열공사,수장공사(도배,마감공사),급배수위생설비공사,난방설비공사(보일러),전기(배관/배선)공사","1153010200","서울특별시 구로구 디지털로32나길 38 7층"
"1103","케이에스인테리어","385-15-00531","2017-06-19","김수환","","인테리어, 창호공사, 철골공사","없음","금속공사,지붕 및 홈통공사,창호 및 유리공사,단열공사,수장공사(도배,마감공사)","4145010100","경기도 하남시 하남대로 636 1층"
"1102","(주)디자인디미방","628-81-02692","2023-04-05","황세희","","실내건축공사업","없음","방수공사,목공사,도장공사,전기(배관/배선)공사,조명공사","1126010600","서울특별시 중랑구 신내로14길 36 202동 201호"
"1101","(주)미래씨앤씨","314-81-42757","2018-06-25","심재연","02-999-3755","철물공사, 시설물유지관리, 건축자재","없음","금속공사","1130510200","서울특별시 강북구 오현로20길 52 101호"
"1091","대영인테리어","113-01-27850","1997-03-29","최재욱","","인테리어","없음","방수공사,목공사,지붕 및 홈통공사,창호 및 유리공사,난방설비공사(보일러)","1141011900","서울특별시 서대문구 증가로 201-1 대영인테리어"
"1082","신용설비","110-48-84084","1987-09-01","김진복","02-303-0595","보일러설비공사, 주택건설공사, 주택상하수도공사","방수기능사, 용접기능사, 배관기능사, 에너지롼리기능사, 공업배관기능사","방수공사,창호 및 유리공사,단열공사,급배수위생설비공사,난방설비공사(보일러)","1141012000","서울특별시 서대문구 증가로8길 42-14 1층 신용설비"
"1081","키움창호","342-85-01934","2022-08-29","김성덕","","창호, 실내장식","없음","방수공사,목공사,창호 및 유리공사,타일공사,도장공사,단열공사,수장공사(도배,마감공사)","1150010300","서울특별시 강서구 화곡로13길 107 상가비동 206호"
"1071","서울건축설비","207-05-17771","2012-01-13","강이구","","설비, 방수, 인테리어","없음","방수공사,목공사,금속공사,지붕 및 홈통공사,창호 및 유리공사,타일공사,도장공사,단열공사,수장공사(도배,마감공사),급배수위생설비공사,난방설비공사(보일러),전기(배관/배선)공사,조명공사","1121510300","서울특별시 광진구 아차산로57길 34 101호"
"1063","한성건설","587-29-00584","1991-03-29","김태규","","경미한 건설업","없음","방수공사,목공사,금속공사,지붕 및 홈통공사,창호 및 유리공사,타일공사,도장공사,단열공사,수장공사(도배,마감공사),급배수위생설비공사,난방설비공사(보일러),전기(배관/배선)공사,조명공사","1144010900","서울특별시 마포구 숭문길 28 지층"
"1051","(주)더힐로","714-88-01673","2020-04-21","안정우","02-352-7544","도배, 실내장식 및 내장목공사업`","실내건축산업기사","방수공사,목공사,금속공사,창호 및 유리공사,타일공사,도장공사,단열공사,수장공사(도배,마감공사),급배수위생설비공사,난방설비공사(보일러),전기(배관/배선)공사,조명공사","1141012000","서울특별시 서대문구 가재울로4길 23 1층"
"1041","(주)SMD컨설턴트","834-88-00605","2017-01-20","홍의덕","","실내건축 인테리어","없음","목공사,금속공사,지붕 및 홈통공사,창호 및 유리공사,타일공사,도장공사,단열공사,수장공사(도배,마감공사),급배수위생설비공사,난방설비공사(보일러),전기(배관/배선)공사,조명공사","1171010800","서울특별시 송파구 법원로11길 7 B동 1103호"
"1031","대성건축설비","113-06-84953","2000-06-05","이병관","","건설업","인테리어공사","방수공사,난방설비공사(보일러)","1147010300","서울특별시 양천구 가로공원로70길 9 1층"
"1013","(주)칠성건업","213-81-95330","1994-10-15","주재억","02-3461-7204","시설물유지관리, 미장방수, 방수자재","없음","방수공사,목공사,지붕 및 홈통공사,창호 및 유리공사,타일공사,도장공사,단열공사,수장공사(도배,마감공사),급배수위생설비공사,난방설비공사(보일러),조명공사","1168011800","서울특별시 강남구 남부순환로355길 13 서원빌딩 2층"
"1012","샤시명가","503-35-51368","2022-04-11","이주원","","유리 및 창호공사업","없음","창호 및 유리공사","2826011500","인천광역시 서구 이음5로 39 3009동 1704호"
"1011","수성건축","210-08-99708","2014-05-07","오성태","02-954-2101","인테리어, 주거용건물수리 보수및 계량설비(건당천오백만원미만)","없음","방수공사,창호 및 유리공사,급배수위생설비공사","1132010600","서울특별시 도봉구 도당로 104 수성건축"
"1001","아주건축공사","126-17-65720","2013-06-10","김명률","031-470-1455","내외장공사","없음","방수공사,목공사,금속공사,창호 및 유리공사,단열공사","4145012300","경기도 하남시 초이로 83 201호"
"981","니드디자인","777-04-01150","2018-12-01","전봉석","070-8018-7341","도배실내장식","컴퓨터응용밀링기능사","목공사,금속공사,창호 및 유리공사,도장공사,수장공사(도배,마감공사)","1144012500","서울특별시 마포구 성미산로7안길 24 102호 니드디자인"
"972","백년미래건축","210-17-72870","2009-07-10","이동열","02-905-1904","리모델링","난방시공인정기능사","방수공사,금속공사,지붕 및 홈통공사,창호 및 유리공사,타일공사,도장공사,급배수위생설비공사,난방설비공사(보일러)","1130510300","서울특별시 강북구 한천로150길 58 백년미래건축"
"962","크린대장(주)","880-86-01845","2020-09-29","박용기","","인테리어공사","방수기능사","방수공사,창호 및 유리공사,수장공사(도배,마감공사),전기(배관/배선)공사","1121510100","서울특별시 광진구 긴고랑로8길 12 1층"
"961"," 성광건축산업","767-30-00906","2020-08-14","이광수","","주거용건물건설업, 비주거용건물건설업","없음","방수공사,목공사,창호 및 유리공사,단열공사,난방설비공사(보일러),전기(배관/배선)공사,조명공사","1129013300","서울특별시 성북구 솔샘로5길 42-22 1층"
"943","영인테리어","344-62-00271","2018-09-19","조지영","","그외 기타 건축마무리 공사업","없음","목공사,창호 및 유리공사,타일공사,도장공사,수장공사(도배,마감공사)","1150010300","서울특별시 강서구 강서로5나길 109 B층 24호"
"941","(주)피에스피에스","344-62-00271","2023-03-17","이의정","02-1855-2550","전문건설 및 종합건설","굴착기운전기능사","방수공사,목공사,전기(배관/배선)공사,기타(상하수도 및 배관케어)","1120011400","서울특별시 성동구 성수일로11길 15 뚝섬리버빌 513호"
"931","가인","604-07-63811","2021-04-05","김판수","","샷시, 금속유리","없음","금속공사,지붕 및 홈통공사,창호 및 유리공사,단열공사","1147010200","서울특별시 양천구 목동중앙남로3길 35 가인"
"922","반석인테리어","864-18-01693","2022-04-25","조영환","02-6015-0038","종합인테리어, 침상, 구들장, 큐부","없음","방수공사,목공사,금속공사,창호 및 유리공사,타일공사,도장공사,단열공사,수장공사(도배,마감공사),급배수위생설비공사,난방설비공사(보일러),전기(배관/배선)공사,조명공사,기타(필림)","1162010200","서울특별시 관악구 난곡로11길 4 203호"
"921","(주)평천이앤씨","557-88-02730","2023-08-18","최숙","","방수, 미장, 도장","없음","방수공사,도장공사,전기(배관/배선)공사","1111016200","서울특별시 종로구 대학로 34 1층"
"912","(주)한울이엔아이","303-86-01955","2021-03-10","이상호","","건축, 실내장식, 인테리어","없음","목공사,창호 및 유리공사,수장공사(도배,마감공사),조명공사,기타(경량공사)","1135010500","서울특별시 노원구 덕릉로124길 31 한올이엔아이"
"911","창호공장","393-03-01159","2019-05-03","정선희","","창호","없음","창호 및 유리공사","4145011800","경기도 하남시 이성로41번길 222-26 나동전체"
"903","(주)노나","462-86-01176","2019-01-22","한준식","","실내건축공사업, 기계가스설비","건축초급, 온수온돌기능사, 건축도장기능사, 거푸집기능사","목공사,창호 및 유리공사,타일공사,도장공사,단열공사,수장공사(도배,마감공사),급배수위생설비공사,난방설비공사(보일러),전기(배관/배선)공사,조명공사","4139010200","경기도 시흥시 신천로 80 1~2호"
"902","153디자인","155-01-01233","2018-08-27","천석필","","인테리어, 집수리, 광고물설치","없음","방수공사,목공사,금속공사,지붕 및 홈통공사,창호 및 유리공사,타일공사,도장공사,단열공사,수장공사(도배,마감공사),급배수위생설비공사,전기(배관/배선)공사,조명공사","1156013300","서울특별시 영등포구 디지털로 402 153디자인"
"901","(주)위아온디자인건축","702-81-02331","2022-01-10","최우성, 정효순","02-2043-0404","실내건축공사업,부동산 개발 및 시행업, 디자인설계용역업, 건물시설관리업","없음","방수공사,목공사,금속공사,창호 및 유리공사,타일공사,도장공사,단열공사,수장공사(도배,마감공사),급배수위생설비공사,난방설비공사(보일러),전기(배관/배선)공사,조명공사","1129013600","서울특별시 성북구 월곡로14길 24 상가동 110호"
"892","인테리어&건식난방","210-02-81910","1999-09-15","박병채","02-955-2426","실내인테리어","도배기능사, 방수기능사, 건축도장기능사","방수공사,타일공사,도장공사,수장공사(도배,마감공사),난방설비공사(보일러)","1132010800","서울특별시 도봉구 도봉로177길 25 장수빌라 지층"
"891","아세아종합건축","352-05-00323","2016-05-20","박성익","","인테리어","방수기능사","방수공사,도장공사,단열공사,수장공사(도배,마감공사)","1130510300","서울특별시 강북구 노해로3길 17 그린타워 A동 201호, 302호"
"882","(주)현백종합건설","321-87-02532","2022-08-22","구현철","","건축공사업","건축공사업","방수공사,목공사,금속공사,지붕 및 홈통공사,창호 및 유리공사,타일공사,도장공사,단열공사,수장공사(도배,마감공사),급배수위생설비공사,난방설비공사(보일러),전기(배관/배선)공사,조명공사","4139010200","경기도 시흥시 삼미시장1길 9 2층"
"875","더나름디자인","691-56-00569","2022-04-25","윤현승","","도배, 실내장식 및 내장 목공사업","없음","목공사","1132010600","서울특별시 도봉구 시루봉로 193 더나름빌딩 1층 101호"
"874","(주)화신종합건설","866-86-01970","2020-10-22","이명원","02-304-8848","건축공사업","건축도장기능사","방수공사,목공사,금속공사,지붕 및 홈통공사,창호 및 유리공사,타일공사,도장공사,단열공사,수장공사(도배,마감공사),급배수위생설비공사,난방설비공사(보일러),전기(배관/배선)공사,조명공사","1141011900","서울특별시 서대문구 거북골로18길 25 203호"
"872","(주)아트맥","469-86-02671","2023-07-01","도기현","","실내건축공사업, 건축공사업","실내건축기사","방수공사,목공사,금속공사,지붕 및 홈통공사,창호 및 유리공사,타일공사,도장공사,단열공사,수장공사(도배,마감공사),급배수위생설비공사,난방설비공사(보일러),전기(배관/배선)공사,조명공사","1147010100","서울특별시 양천구 목동동로12길 60 상가동 112호"
"862","(주)티앤디웍스","106-86-72510","2010-01-01","최원오","","실내건축업","없음","목공사,타일공사,수장공사(도배,마감공사),전기(배관/배선)공사,조명공사","1117010900","서울특별시 용산구 청파로57길 28-7 청일빌리지 B103호"
"861","야무진 집수리","681-46-00525","2021-08-20","정재헌","","철거, 폐기물처리, 인테리어, 집수리","없음","방수공사,금속공사,도장공사,기타(좂기물처리)","1117013000","서울특별시 용산구 소월로38길 19 지층"
"852","안심주택관리주식회사","618-88-02791","2022-11-16","임창화","","미장, 타일 및 방수공사업, 주택및건물관련 자문 및 컨설팅업","배관, 타일, 미장, 조적, 방수, 건축도장기능사","방수공사,타일공사,도장공사,단열공사,급배수위생설비공사,난방설비공사(보일러),기타(미장, 조적)","1138010200","서울특별시 은평구 통일로62길 7 서울시50플러스 서부캠퍼스 3층 스페이스 힘나"
"842","미림 누수탐지공사","105-08-83035","2012-10-08","안병국","02-308-0404","보일러 배관부속품, 인테리어, 누수탐지공사, 디지탈도어설치및수리","난방시공업, 가스시설시공업","방수공사,급배수위생설비공사,난방설비공사(보일러),기타(누수탐지 및 수리)","1141011800","서울특별시 서대문구 연희로41가길 34 지하1층"
"841","디자인뱅크","209-29-54502","2006-03-05","정순호","","종합공사(타일, 설비, 방수), 가스난방공사","없음","방수공사,목공사,금속공사,창호 및 유리공사,타일공사,도장공사,단열공사,수장공사(도배,마감공사),난방설비공사(보일러),전기(배관/배선)공사,조명공사,기타(가구)","1129013400","서울특별시 성북구 삼양로 72 1층"
"831","보미건축설비","209-03-49595","2010-03-04","김태수","","누수탐지, 상하수도설비, 집수리(경미한공사)","없음","타일공사,급배수위생설비공사,기타(누수탐지공사)","1129013300","서울특별시 성북구 정릉로36길 26 1층"
"826","삼영인테리어","117-10-92281","2008-02-04","노명현","02-2645-5155","인테리어","없음","방수공사,목공사,금속공사,지붕 및 홈통공사,창호 및 유리공사,타일공사,도장공사,단열공사,수장공사(도배,마감공사),급배수위생설비공사,난방설비공사(보일러),전기(배관/배선)공사,조명공사","1147010200","서울특별시 양천구 목동동로12길 43 삼영인테리어"
"824","형제기업","210-25-75116","2025-04-22","하태주","","창호, 철물, 건축, 실내건축, 수도설비공사, 유지보수","금속제창호기능사","방수공사,금속공사,지붕 및 홈통공사,창호 및 유리공사,타일공사,도장공사,단열공사,수장공사(도배,마감공사),급배수위생설비공사,난방설비공사(보일러)","1130510300","서울특별시 강북구 한천로 1164 형제기업"
"814","(주)송림디앤씨","737-88-02317","2022-04-14","김용진, 정유진","","실내건축공사업, 건축공사업","건축산업기사","방수공사,목공사,창호 및 유리공사,도장공사","1174010900","서울특별시 강동구 천중로 23 203호"
"801","소망종합공사","108-08-80551","2001-04-01","박종민","","유리, 창호, 잡철, 유리, 인테리어","없음","금속공사,창호 및 유리공사","1159010200","서울특별시 동작구 국사봉길 37 1층"
"797","일광건설","289-20-01804","2023-01-27","강덕룡","","미장, 타일 및 방수공사업, 도배, 실내장식 및 내장, 목공사업","없음","방수공사,목공사,창호 및 유리공사,타일공사,수장공사(도배,마감공사)","1138010800","서울특별시 은평구 연서로2길 4 1층 101호"
"796","(주)코데","323-88-01900","2020-12-04","정지석","02-2135-5121","인테리어","실내건축업","방수공사,목공사,금속공사,지붕 및 홈통공사,창호 및 유리공사,타일공사,도장공사,단열공사,수장공사(도배,마감공사),급배수위생설비공사,난방설비공사(보일러),전기(배관/배선)공사,조명공사","1150010500","서울특별시 강서구 공항대로 186 806호"
"795","한양인테리어","110-06-71537","2002-03-19","이석영","02-357-8024","벽지, 장판, 실내장식","없음","목공사,타일공사,도장공사,수장공사(도배,마감공사)","1138010700","서울특별시 은평구 응암로 279 상가 101호"
"793","빈티지타임즈","101-09-71247","2009-05-04","정호석","","인테리어","없음","방수공사,목공사,지붕 및 홈통공사,창호 및 유리공사,단열공사,난방설비공사(보일러)","1111016000","서울특별시 종로구 창경궁로16길 20-6 빈티지타임즈"
"792","(주)올리브엔제펫토","128-86-67716","2011-12-01","조두형","","실내건축공사","건축도장기능사","방수공사,도장공사,단열공사,수장공사(도배,마감공사)","4128710200","경기도 고양시 일산서구 강성로 147 302호"
"782","한신이엔지","210-03-18957","1999-12-12","신영진","","위생난방공사외, 철물공사 및 수리","배관기능사, 에너지관리기능사, 금속재창호기능사, 방화관리자, 위험물취급자","방수공사,목공사,금속공사,지붕 및 홈통공사,창호 및 유리공사,타일공사,단열공사,급배수위생설비공사,조명공사","1130510300","서울특별시 강북구 노해로33나길 14 201호"
"781","스타인테리어","220-05-86892","2005-03-09","곽진숙","02-6084-0101","인테리어 ","건축도장기능사, 온수온돌기능사","방수공사,도장공사,난방설비공사(보일러)","1129013400","서울특별시 성북구 길음로9길 50 래미안9단지 상가동 122호"
"777","미래건축","407-17-11351","2022-10-05","이기원","","설비","건축도장기능사, 불도저운전기능사","방수공사,지붕 및 홈통공사,창호 및 유리공사,타일공사,단열공사,수장공사(도배,마감공사),난방설비공사(보일러)","1132010600","서울특별시 도봉구 도당로13길 59 1층"
"775","삼정인테리어","636-14-00048","2014-08-14","홍재홍","","인테리어","없음","방수공사,목공사,금속공사,지붕 및 홈통공사,창호 및 유리공사,타일공사,도장공사,단열공사,수장공사(도배,마감공사),급배수위생설비공사,난방설비공사(보일러)","1153010800","서울특별시 구로구 오류로8길 83 1층"
"774","마메든","255-32-00654","2019-04-05","김일군","","인테리어공사","건축기사, 건축산업기사, 건축일반시공기능장, 건축일반시공산업기사, 실내건축산업기사","방수공사,목공사,창호 및 유리공사,타일공사,도장공사,수장공사(도배,마감공사),난방설비공사(보일러),조명공사","4136025630","경기도 남양주시 화도읍 재재기로74번길 9-4 마메든"
"762","한양","126-25-70193","2009-05-19","신동영","","설비보수 외","배관기능장, 온수온돌기능사, 조적기능사, 금속재창호기능사, 건축도장기능사, 타일기능사, 거","방수공사,목공사,지붕 및 홈통공사,창호 및 유리공사,타일공사,도장공사,단열공사,급배수위생설비공사,난방설비공사(보일러)","4161010800","경기도 광주시 순암로 172 한양"
"755","성진하우징","416-19-17765","2022-07-02","김정진","","미장, 타일 및 방수공사, 도배, 실내장식 및 내장목공사업","없음","방수공사,목공사,타일공사,도장공사,난방설비공사(보일러)","1150010300","서울특별시 강서구 까치산로 6 201호"
"752","돌쇠ENG","204-07-14537","2012-11-10","윤용호","02-486-8900","건설하도급, 인테리어","방수기능사, 난방시공업인정이능사, 건축(설계?시공 등)초급기술자","방수공사,목공사,금속공사,지붕 및 홈통공사,창호 및 유리공사,타일공사,도장공사,단열공사,수장공사(도배,마감공사),급배수위생설비공사,난방설비공사(보일러),전기(배관/배선)공사,조명공사","1174010800","서울특별시 강동구 풍성로 136 상가동 114호"
"751","(주)한맥콘텍","120-86-10295","2000-08-18","이인재","02-547-7753","건축공사업, 시설물유지관리업","건축기사 특급","방수공사,금속공사,창호 및 유리공사,단열공사,수장공사(도배,마감공사)","1168010300","서울특별시 강남구 개포로25길 16 덕산빌딩 2층"
"746","인컴큐","105-11-70205","2006-02-14","정상길","02-308-9022","인테리어공사","없음","방수공사,목공사,금속공사,창호 및 유리공사,타일공사,도장공사,단열공사,수장공사(도배,마감공사),난방설비공사(보일러),조명공사","1144012500","서울특별시 마포구 모래내로7길 38 서원빌딩 4층 401-3호"
"741","대한건축","658-08-00824","2018-05-10","김창희","02-491-8884","인테리어공사, 벽지, 장판, 건축자재","없음","방수공사,목공사,창호 및 유리공사,타일공사,난방설비공사(보일러),조명공사","1126010600","서울특별시 중랑구 봉화산로 221 121호"
"733","명성건축설비","139-05-06705","2018-04-10","최선옥","","실내건축","없음","방수공사,타일공사,급배수위생설비공사,난방설비공사(보일러)","1123011000","서울특별시 동대문구 회기로25길 59 1층"
"724","다움디자인","619-02-40756","2021-11-01","정은화","","건설업, 서비스","없음","방수공사,창호 및 유리공사,타일공사,단열공사,난방설비공사(보일러)","1165010100","서울특별시 서초구 방배선행길 8 상가동 201호"
"723","(주)젤코바코리아","120-88-28649","2023-03-15","김호균","02-3672-1905","건설업","건축공사업","목공사,기타(개보수공사)","1111015200","서울특별시 종로구 서순라길 69 (주)젤코바코리아"
"722","대한공사","212-15-50621","2010-07-29","임정준","02-487-0059","설비, 장비임대","없음","방수공사,단열공사,급배수위생설비공사,난방설비공사(보일러)","1174010900","서울특별시 강동구 올림픽로 732 1층 대한공사"
"718","유한회사 에이치엠","696-81-01584","2019-06-30","김한흥","","건설업","실내건축공사, 건축건설인(초급), 건축도장기능사, 전기?특수용접기능사, 주택에너지진단사","목공사,금속공사,창호 및 유리공사,타일공사,도장공사,단열공사,수장공사(도배,마감공사),급배수위생설비공사,전기(배관/배선)공사,조명공사","1150010500","서울특별시 강서구 마곡중앙6로 21 5층 509-C06호"
"717","하나로지붕공사","228-17-00358","2017-02-06","김영곤","","지붕설비, 옥상방수설비, 스틸방수","없음","방수공사,금속공사,지붕 및 홈통공사,단열공사","4136025921","경기도 남양주시 진건읍 진건우회로 132-10 하나로지붕공사"
"716","(주)큐보이드디자인","169-81-01743","2020-05-11","김태윤","02-396-5321","실내건축, 전자상거래, 통신판매업","건축(설계, 시곧 등 품질관리), 방수기능사","방수공사,목공사,단열공사,수장공사(도배,마감공사)","1141011100","서울특별시 서대문구 통일로 362 1층"
"715","동남인테리어","119-08-82748","2014-07-14","박길성","02-803-2034","실내인테리어 설비공사","온수온돌 기능사","방수공사,목공사,타일공사,급배수위생설비공사,난방설비공사(보일러)","1154510300","서울특별시 금천구 독산로50길 89 삼익상가 103호"
"714","아리별인테리어","204-05-60060","2014-07-14","백종필","","인테리어","난방시공업, 온수보일러시공","방수공사,목공사,창호 및 유리공사,단열공사,난방설비공사(보일러)","1154510300","서울특별시 금천구 독산로10길 12 101호"
"713","DH창호","126-25-90904","2009-09-01","최지나","","플라스틱창호제조, 창호공사, 인테리어, 바닥재","없음","창호 및 유리공사","4145011900","경기도 하남시 춘궁로141번길 22-116 DH창호"
"712","(주)일하는소리","135-88-01638","2020-02-24","최용태","02-523-0903","실내건축, 인테리어, 폐기물처리, 일반건축공사","없음","방수공사,창호 및 유리공사,단열공사,수장공사(도배,마감공사),급배수위생설비공사","1144012500","서울특별시 마포구 월드컵로36길 14 1314호"
"711","(주)셀핀랩","741-87-02279","2021-04-30","박창영","02-1544-4217","건축물 마무리 공사업","없음","방수공사,목공사,창호 및 유리공사,타일공사,도장공사,단열공사,수장공사(도배,마감공사),난방설비공사(보일러),전기(배관/배선)공사,조명공사","1121510900","서울특별시 광진구 능동로 209 327호"
"694","드림디자인","465-10-00491","2016-11-16","박성규","","인테리어(건당 일천오백만원 미만), 조경공사(건당 오천만원 미만), 도배, 실내장식 및 내","-","방수공사,목공사,금속공사,지붕 및 홈통공사,창호 및 유리공사,타일공사,도장공사,단열공사,수장공사(도배,마감공사),급배수위생설비공사,난방설비공사(보일러),전기(배관/배선)공사,조명공사","1168010100","서울특별시 강남구 봉은사로 326 823호"
"691","믿음설비","129-23-64702","2008-06-01","송규영","","배관, 난방시공업, 가스시설시공업","가스시설공사 제3종, 난방공사 제2종","급배수위생설비공사,난방설비공사(보일러)","1174010700","서울특별시 강동구 구천면로47길 68 1층"
"661","(주)디자인광진","209-81-53947","2011-08-23","이명옥","","실내건축공사, 도매 및 소매업 서비스","실내건축공사업, 주택건설, 건축자재도매업, 토목엔지니어링","목공사,단열공사,수장공사(도배,마감공사)","1121510500","서울특별시 광진구 자양로13길 40 2층"
"659","함수협동조합","431-86-02512","2021-12-23","박상준","02-982-7085","인테리어","-","방수공사,목공사,지붕 및 홈통공사,창호 및 유리공사,타일공사,도장공사,단열공사,수장공사(도배,마감공사),전기(배관/배선)공사","1130510300","서울특별시 강북구 인수봉로23길 37 1층"
"655","승인테리어","710-23-00620","2018-01-19","이승희","","인테리어(건당 1,500만원미만), 금속샷시, 창호, 가구, 부엌가구, 부동산 컨설팅","-","방수공사,목공사,금속공사,지붕 및 홈통공사,창호 및 유리공사,타일공사,도장공사,단열공사,수장공사(도배,마감공사),급배수위생설비공사,난방설비공사(보일러),전기(배관/배선)공사,조명공사","1130510100","서울특별시 강북구 오패산로30길 67 1층"
"654","에이치에스 리모델링","780-11-01867","2022-07-29","조현수","","인테리어, 가구","-","방수공사,목공사,금속공사,창호 및 유리공사,타일공사,도장공사,단열공사,수장공사(도배,마감공사),급배수위생설비공사,난방설비공사(보일러),전기(배관/배선)공사,조명공사","1147010100","서울특별시 양천구 오목로 155-4 신정레브 308호"
"621","우주건축","158-31-01132","2022-05-04","정찬문","","건축설비","가스시공업, 난방시공업","방수공사,목공사,지붕 및 홈통공사,창호 및 유리공사,타일공사,도장공사,단열공사,급배수위생설비공사,난방설비공사(보일러),전기(배관/배선)공사,조명공사","","서울특별시 중랑구 면목로78길 9 1층"
"613","선경	","849-17-01377","2021-03-03","QUANCHENZE","","인테리어, 건축자재","-","방수공사,목공사,창호 및 유리공사,타일공사,도장공사,단열공사,수장공사(도배,마감공사),급배수위생설비공사,난방설비공사(보일러),조명공사","1130510300","서울특별시 강북구 삼양로92길 9 1층 좌측"
"602","인테리어 청인","110-20-93949","2014-08-30","이현석","","건설업	","인테리어/보일러, 난방설비, 샤시, 방수, 누수, 각종보수공사","방수공사,목공사,창호 및 유리공사,타일공사,도장공사,단열공사,수장공사(도배,마감공사),급배수위생설비공사,난방설비공사(보일러),전기(배관/배선)공사,조명공사","1141011700","서울특별시 서대문구 홍연8길 3 1층"
"582","창민건업","216-01-69858","2009-05-18","	최일환","","창호, 금속, 판넬공사, 주택신축, 인테리어공사, 유지 보수","-","금속공사,지붕 및 홈통공사,창호 및 유리공사,단열공사","1126010100","서울특별시 중랑구 동일로102길 37 1층"
"572","주호금속","818-05-00143","2015-07-01","이장백","","인테리어공사, 철물, 금속, 샤시제조","-","금속공사,지붕 및 홈통공사,창호 및 유리공사,단열공사","1141011600","서울특별시 서대문구 신촌로11길 12 1층"
"571","그린상사","369-74-00195","2017-09-04","배준호","","도장공사업(건당 1,500만원 미만인 공사), 담배소매업","-","방수공사,목공사,금속공사,지붕 및 홈통공사,창호 및 유리공사,타일공사,도장공사,단열공사,수장공사(도배,마감공사),급배수위생설비공사,난방설비공사(보일러)","1132010600","서울특별시 도봉구 도당로13길 55 1층"
"561","지엠에스건설㈜","209-81-43605","2007-02-01","고명수","","인테리어, 건축공사업, 시설물유지보수, 기계설비공사업, 건축자재","가스시설시공업 제3종, 난방시공업 제1종","방수공사,목공사,금속공사,지붕 및 홈통공사,창호 및 유리공사,타일공사,도장공사,단열공사,수장공사(도배,마감공사),급배수위생설비공사,난방설비공사(보일러),전기(배관/배선)공사,조명공사","1129013800","서울특별시 성북구 장위로33길 7 1층"
"559","인터엔지니어링","216-03-66684","1996-02-05","최종섭","","배관, 난방공사, 전기공사, 리모델링, 시설물유지보수","가스시설시공업 제3종, 난방시공업 제2종","지붕 및 홈통공사,창호 및 유리공사,수장공사(도배,마감공사),급배수위생설비공사,난방설비공사(보일러)","1123010900","서울특별시 동대문구 망우로20길 83 1층 상가 101호"
"558","모모 인테리어(아트)","589-01-02357","2022-04-13","양영모","","인테리어, 집수리","-","방수공사,목공사,금속공사,지붕 및 홈통공사,창호 및 유리공사,타일공사,도장공사,단열공사,급배수위생설비공사,난방설비공사(보일러),전기(배관/배선)공사,조명공사","1156013200","서울특별시 영등포구 여의대방로49길 11 B102호 (신길동, 예림빌라)"
"554","햇빛기술개발","110-03-35001","2000-05-08","백인군","","배관공사, 실내장식, 인테리어","배관공사, 실내장식, 인테리어, 방수, 건축기사","방수공사,목공사,창호 및 유리공사,타일공사,도장공사,단열공사,수장공사(도배,마감공사),급배수위생설비공사,난방설비공사(보일러)","1141011900","서울특별시 서대문구 증가로 200-13 지층 1호 (북가좌동)"
"553","187 GARAGE","147-35-00882","2000-06-08","박종권","","의류, 도배, 실내장식 및 내장 목공사업(공사예정금액 건당1천5백만원미만), 전자상거래, ","-","방수공사,목공사,도장공사,단열공사,수장공사(도배,마감공사),급배수위생설비공사,조명공사","1123011000","서울특별시 동대문구 이문로 187 1층"
"546","어울림토탈인테리어	","777-78-00152","2019-09-19","이성준","","도배, 실내장식 및 내장 목공사업(건당1500만원미만), 외부도장공사업(건당1500만원미만","-","방수공사,목공사,금속공사,지붕 및 홈통공사,창호 및 유리공사,타일공사,도장공사,단열공사,수장공사(도배,마감공사),급배수위생설비공사,난방설비공사(보일러),전기(배관/배선)공사,조명공사","1144012500","서울특별시 마포구 모래내로7안길 30 103동 601호"
"545","(주)돋움	","298-86-01411","2019-09-19","강승범","","창호유리, 실내건축 및 인테리어","건설","창호 및 유리공사","4136011100","경기도 남양주시 순화궁로 578-4 (1-2층)"
"541","(주)지인창호시스템","458-86-01648","2019-08-21","이진숙","","유리 및 창호공사업, 건물용 금속 공작물 설치 공사업","금속구조물.창호.온실공사업","금속공사,지붕 및 홈통공사,창호 및 유리공사","1135010300","서울특별시 노원구 동일로184길 9 2층"
"539","삼성금속","171-10-00107","2015-05-22","최윤서	","","금속샤시, 인테리어,실내장식등(건당 공사금액 1500만원)","-","금속공사,창호 및 유리공사,단열공사","1130510300","서울특별시 강북구 노해로33길 17 1층 우측"
"536","탑이레","195-34-00356","2017-01-09","홍현숙","","철근콘크리트, 유리 및 창호공사업, 창문, 철문 관련제품, 설비, 미장, 철거, 토목 실내","-","방수공사,목공사,창호 및 유리공사,타일공사,단열공사,수장공사(도배,마감공사),난방설비공사(보일러),전기(배관/배선)공사,조명공사","1156013300","서울특별시 영등포구 디지털로66길 4 201호"
"523","(주)아이티티앤디자인","692-86-00725","2017-09-11","이평민","","실내인테리어, 디자인컨설팅","-","방수공사,목공사,금속공사,지붕 및 홈통공사,창호 및 유리공사,타일공사,도장공사,단열공사,수장공사(도배,마감공사),급배수위생설비공사,난방설비공사(보일러),전기(배관/배선)공사,조명공사","1165010200","서울특별시 서초구 강남대로8길 40-57 지층"
"519","태봉종합건축","210-05-06800","2001-04-10","정성조","","인테리어","가스시설시공업제3종, 난방시공업제2종, 위생배관, 목수","목공사,급배수위생설비공사,난방설비공사(보일러)","1132010600","서울특별시 도봉구 도당로13길 44 1층"
"518","더원기업","720-12-01746","2021-03-15","김태수","","창호공사업, 건축자재","-","금속공사,지붕 및 홈통공사,창호 및 유리공사","1130510100","서울특별시 강북구 솔샘로67길 29 1층"
"517","유한회사 지엔건설산업","414-88-02506","2022-05-02","박지환","","종합집수리","-","목공사,금속공사,지붕 및 홈통공사,창호 및 유리공사,타일공사,도장공사,단열공사,수장공사(도배,마감공사),급배수위생설비공사,전기(배관/배선)공사","1130510100","서울특별시 강북구 삼양로 274 1층"
"515","삼화공사","204-01-26161","2007-10-02","김정남	","","인테리어(건당천오백만원미만), 전문건설하도급","-","방수공사,목공사,지붕 및 홈통공사,창호 및 유리공사,타일공사,단열공사,수장공사(도배,마감공사)","1130510100","서울특별시 강북구 도봉로27길 98 1층"
"514","베스트건축","619-12-16556","2019-02-01","김현숙","","인테리어(건당1,500만원미만 공사)","문화재수리자격증(대목수)","방수공사,목공사,지붕 및 홈통공사,창호 및 유리공사,타일공사,도장공사,단열공사,수장공사(도배,마감공사),급배수위생설비공사,난방설비공사(보일러),전기(배관/배선)공사,조명공사","1130510300","서울특별시 강북구 수유로 42 5층 503호"
"511","백마설비","119-04-74600","2000-08-26","조인성","","보일러수리, 건축설비, 집수리, 보수, 인테리어, 철물","가스시설시공업제3종, 난방시공업제1종","방수공사,지붕 및 홈통공사,창호 및 유리공사,타일공사,단열공사,급배수위생설비공사,난방설비공사(보일러),조명공사","1154510300","서울특별시 금천구 금하로24길 32 1층"
"506","삶 건축","646-20-00842","2018-11-05","권수현,권재혁	","","실내건축, 시설물유지보수","-","방수공사,금속공사,지붕 및 홈통공사","1132010600","서울특별시 도봉구 도당로 106 1층"
"503","대성기업","779-34-00775","2021-01-29","김성기","","인테리어 창호 방수","기술경력기사, 전기공사기능사 2급","방수공사,목공사,금속공사,지붕 및 홈통공사,창호 및 유리공사,타일공사,도장공사,단열공사,수장공사(도배,마감공사),급배수위생설비공사,난방설비공사(보일러),전기(배관/배선)공사,조명공사","1154510200","서울특별시 금천구 독산로47길 14 1층"
"502","명보건축","110-20-28754","2013-12-16","강윤선","","가스시설시공업, 난방시공업","가스시설시공업 제2종, 난방시공업 제2종","방수공사,목공사,지붕 및 홈통공사,창호 및 유리공사,타일공사,도장공사,단열공사,수장공사(도배,마감공사),급배수위생설비공사,난방설비공사(보일러),전기(배관/배선)공사","1141012000","서울특별시 서대문구 명지대길 83 202호"
"499","(주)포시즌기획","758-86-00855","2017-12-08","김재현","","옥외광고, 인테리어공사(1500만원미만공사), 안전용품, 안전장비 등","-","방수공사,목공사,창호 및 유리공사,타일공사,도장공사,단열공사,수장공사(도배,마감공사),조명공사","1121510100","서울특별시 광진구 면목로17길 40 205호"
"498","경은인테리어","210-22-82090","2014-02-05","장경식","","인테리어","-","방수공사,목공사,창호 및 유리공사,타일공사,단열공사,수장공사(도배,마감공사),난방설비공사(보일러),전기(배관/배선)공사,조명공사","4115011000","경기도 의정부시 신촌로53번길 12 1층 좌측호"
"497","나누리사회적협동조합","239-82-00211","2019-05-30","김동수","","가사, 정리정돈, 청소, 실내인테리어(건당 1천5백만원미만), 농수산물, 지역홍보, 마케팅","-","방수공사,도장공사,단열공사,수장공사(도배,마감공사),난방설비공사(보일러)","1144012000","서울특별시 마포구 월드컵로14길 42 비01호"
"495","제일스틸루프","210-23-89071","2014-07-17","양요환","","지붕개량공사, 신재생에너지설비공사, 전문건설하도급(태양광). 지붕강판등","-","지붕 및 홈통공사","1130510200","서울특별시 강북구 오현로 208 상가 7702동 204호"
"493","삼양종합인테리어","210-20-53645","2011-09-01","이종범","","도배, 장판, 실내장식","-","방수공사,목공사,창호 및 유리공사,타일공사,도장공사,단열공사,수장공사(도배,마감공사)","1130510100","서울특별시 강북구 솔매로 50-1 (미아동)"
"491","제일종합공사","106-01-24573","2009-12-30","송원식","","인테리어, 샷시, 유리","-","방수공사,목공사,금속공사,지붕 및 홈통공사,창호 및 유리공사,타일공사,도장공사,단열공사,수장공사(도배,마감공사),급배수위생설비공사,난방설비공사(보일러),전기(배관/배선)공사,조명공사","1117013000","서울특별시 용산구 회나무로 31-1 2층 상가, 동측에서 3번째"
"483","경원인테리어","206-28-43595","2011-04-25","정석호","","도배,도장,인테리어","도배","방수공사,목공사,금속공사,지붕 및 홈통공사,창호 및 유리공사,타일공사,도장공사,단열공사,수장공사(도배,마감공사),급배수위생설비공사,난방설비공사(보일러),전기(배관/배선)공사,조명공사","1120010700","서울특별시 성동구 고산자로8길 16-1 1층 (행당동, 충실교회)"
"474","충남공업사","212-01-33644","1984-12-10","박영규","","창호, 방수, 도장공사","-","방수공사,지붕 및 홈통공사,창호 및 유리공사,도장공사","1174010700","서울특별시 강동구 고덕로24길 46 1층"
"472","누리종합건축설비","478-06-01733","2020-03-23","박건용","","철골 및 관련 구조물 공사(경미한 공사), 건물용 금속 공작물 설치 공사업(경미한 공사","-","방수공사,목공사,금속공사,창호 및 유리공사,도장공사,단열공사,전기(배관/배선)공사,조명공사,기타(철골구조)","1130510300","서울특별시 강북구 삼각산로4길 52-3 B-01호"
"466","미소건축인테리어","632-03-02107","2021-08-24","이종복","","인테리어","-","방수공사,목공사,금속공사,지붕 및 홈통공사,창호 및 유리공사,타일공사,도장공사,단열공사,수장공사(도배,마감공사),급배수위생설비공사,난방설비공사(보일러),전기(배관/배선)공사,조명공사","1126010100","서울특별시 중랑구 동일로 641 대원빌딩, 1층"
"463","가영엔지니어링","218-13-16350","1996-07-27","금일섭","","보일러시공, 건축","가스시설시공업 제2종","방수공사,목공사,지붕 및 홈통공사,창호 및 유리공사,타일공사,도장공사,단열공사,수장공사(도배,마감공사),급배수위생설비공사,난방설비공사(보일러)","1120011800","서울특별시 성동구 광나루로11길 17 (송정동)"
"452","세움건설","413-09-53201","2021-01-01","김민석","","인테리어(건당일천오백만원미만), 주거용 건물 매매, 비주거용 건물 매매, 소규모공사, 부동","-","방수공사,목공사,지붕 및 홈통공사,창호 및 유리공사,도장공사,단열공사,수장공사(도배,마감공사),급배수위생설비공사,난방설비공사(보일러)","1150010300","서울특별시 강서구 화곡로23길 37-1 301호 일부"
"451","(주)예인건설산업","415-81-44155","2012-02-23","홍경자","","건축공사업, 미장, 방수, 조적, 석면해체제거업, 하자보수공사, 건축물유지점검, 정기점검","건축공사업, 시설물유지관리업, 토목공사업, 석면해체제거, 습식방수","방수공사,목공사,지붕 및 홈통공사,창호 및 유리공사,타일공사,도장공사,단열공사,수장공사(도배,마감공사),급배수위생설비공사,난방설비공사(보일러)","1147010300","서울특별시 양천구 가로공원로 128 성지빌딩 2층"
"447","원(won)건축디자인","558-19-01359","2021-01-09","김지원","","인테리어","-","방수공사,목공사,지붕 및 홈통공사,창호 및 유리공사,타일공사,도장공사,단열공사,수장공사(도배,마감공사),급배수위생설비공사,난방설비공사(보일러),전기(배관/배선)공사,조명공사","4119010900","경기도 부천시 조마루로97번길 25-16 1층 (상동)"
"446","새집연구소(주)","633-87-02153","2021-08-01","박한태","","위생관리용역, 인테리어 필름","-","방수공사,목공사,타일공사,도장공사,수장공사(도배,마감공사),급배수위생설비공사,전기(배관/배선)공사","1168010300","서울특별시 강남구 개포로 508 지하1층"
"444","(주)지붕과공간칸디자인","105-88-00303","2014-03-26","김준기","","실내장식, 목재선반 및 관련제품, 신축, 증축, 샷시, 창호, 철공사, 판넬, 전기공사, ","실내건축공사업","방수공사,목공사,금속공사,지붕 및 홈통공사,창호 및 유리공사,타일공사,도장공사,단열공사,수장공사(도배,마감공사),급배수위생설비공사,난방설비공사(보일러),전기(배관/배선)공사,조명공사","1144012500","서울특별시 마포구 월드컵로 196 2층, 204호 (성산동, 대명비첸시티오피스텔)"
"433","주상건설(주)","215-86-40947","2003-04-11","성항중","","실내건축공사업, 일반건축공사업, 실내건축설계디자인업, 시설물유지보수공사업, 건축자재","실내건축공사업","방수공사,목공사,금속공사,지붕 및 홈통공사,창호 및 유리공사,타일공사,도장공사,단열공사,수장공사(도배,마감공사),급배수위생설비공사,난방설비공사(보일러),조명공사","1171011100","서울특별시 송파구 올림픽로32길 30 4층(하나빌딩)"
"426","성남유리","210-25-00667","1987-03-02","박현서","","유리제품, 창호, 철물공사","-","금속공사,창호 및 유리공사","1130510300","서울특별시 강북구 삼양로113길 3 1층"
"416","삼성종합건축","113-08-94834","2001-02-10","최수영","","설비공사, 기계설비, 인테리어(경미한공사), 유지보수, 전자상거래","난방공사 제2종","방수공사,목공사,창호 및 유리공사,타일공사,단열공사,급배수위생설비공사,난방설비공사(보일러)","1153010800","서울특별시 구로구 오류로8길 34 1층 107호"
"415","큐브","755-78-00337","2021-12-10","윤동혁","02-908-8002","인테리어","타일기능사","방수공사,목공사,금속공사,지붕 및 홈통공사,창호 및 유리공사,타일공사,도장공사,단열공사,수장공사(도배,마감공사),급배수위생설비공사,난방설비공사(보일러),조명공사","1132010700","서울특별시 도봉구 덕릉로60길 3-3 1층"
"412","에이스인테리어","678-35-01105","2021-11-30","조현숙","","도배, 실내장식 및 내장 목공사업(건설업등록無)","-","방수공사,목공사,창호 및 유리공사,타일공사,도장공사,단열공사,수장공사(도배,마감공사),급배수위생설비공사,난방설비공사(보일러)","4183041021","경기도 양평군 개군면 하자포길 27-7 우윤빌리지 6층 602호"
"410","벧엘새지붕","127-11-84470","2011-07-23","정연희","","지붕, 지붕공사, 건설자재","-","지붕 및 홈통공사","4163010300","경기도 양주시 녹양로 220 1층"
"409","메카이엔씨","210-24-23436","2014-10-03","김용운","","하도급(인테리어, 시설물유지보수, 도장, 방수), 광고업, 건물내부청소, CCTV","-","방수공사,목공사,금속공사,지붕 및 홈통공사,창호 및 유리공사,단열공사","1132010800","서울특별시 도봉구 도당로19가길 10 1층 코너"
"407","동숭건축","843-31-00793","2019-08-12","이학길","","의장공사(목공사), 방수공사, 창호공사","-","방수공사,목공사,지붕 및 홈통공사,창호 및 유리공사,타일공사,도장공사,단열공사,수장공사(도배,마감공사)","1111016700","서울특별시 종로구 율곡로25길 17-3 101호(충신동)"
"406","(사)사회안전문화재단","121-82-15941","2015-05-06","송의섭","","공사, 제조, 건설, 건축, 용역, 평생교육, 직업교육","-","방수공사,단열공사,수장공사(도배,마감공사)","2824510100","인천광역시 계양구 효서로 137 3층 301호"
"405","유창","106-05-69883","2003-02-26","김혜주","","아스팔트, 방수, 도료, 시설물유지관리, 도장.방수, 전문건설하도급, 안전용품및부자재","-","방수공사","1141010200","서울특별시 서대문구 경기대로 38-4 B1층"
"402","디바인플랜 건축사사무소","441-06-01992","2021-01-15","김경섭","","도배, 실내장식 및 내장 목공사업, 건축사","건축사","목공사,창호 및 유리공사,타일공사,수장공사(도배,마감공사),급배수위생설비공사","4139010100","경기도 시흥시 비둘기공원7길 39 502호"
"401","만물공사","110-02-83393","2000-01-01","조용중","","일반건축공사.토목.미장.방수.조적, 창호.유리,철물공사.해체, 지붕.판금공사, 배관난방공사","가스시설시공업 제3종, 난방시공업 제2종","방수공사,목공사,금속공사,지붕 및 홈통공사,창호 및 유리공사,타일공사,도장공사,단열공사,수장공사(도배,마감공사),급배수위생설비공사,난방설비공사(보일러),전기(배관/배선)공사,조명공사","1138010700","서울특별시 은평구 응암로21길 8-5 1층"
"393","집수리학원","109-37-79760","2009-07-01","임규식","","배관 및 냉난방공사업, 교육(누수및보일러)","난방시공업제2종","방수공사,급배수위생설비공사,난방설비공사(보일러)","4145011000","경기도 하남시 미사강변대로 38 6층 609호(풍산동, 위너스프라자)"
"392","다옴공간","403-46-00852","2021-06-07","이미연","","인테리어,인테리어소품,소형가전","-","방수공사,목공사,지붕 및 홈통공사,창호 및 유리공사,타일공사,도장공사,단열공사,수장공사(도배,마감공사)","1174010800","서울특별시 강동구 양재대로95길 19 1층"
"391","(주)우련건설산업","347-88-00678","2016-11-21","이인기","","미장.방수.조적공사업, 하자진단및보수업, 시설물유지관리업, 건물관리업","시설물유지관리업, 습식.방수공사업, 인테리어","방수공사,도장공사,단열공사","1171010500","서울특별시 송파구 백제고분로39길 27 안평빌딩 3층"
"387","엘도라도 건축","576-21-01082","2019-11-05","윤희성","","인테리어공사업","-","목공사,창호 및 유리공사","1130510200","서울특별시 강북구 한천로130길 30 101호"
"386","(주)퓨처하우징","126-81-57158","2001-09-14","채성호","02-3472-2520","건축자재, 모형(전시물), 창호공사, 의장공사","실내건축공사업, 금속구조물?창호?온실공사업","창호 및 유리공사,수장공사(도배,마감공사)","1165010800","서울특별시 서초구 사임당로19길 10 3층"
"383","예원건설","115-54-00514","2020-12-01","유장준","","건축인테리어공사(건당천오백만원미만), 인테리어 자재, 인테리어 소품, 전자상거래","-","방수공사,목공사,창호 및 유리공사,타일공사,도장공사,단열공사,수장공사(도배,마감공사),급배수위생설비공사,난방설비공사(보일러)","1132010600","서울특별시 도봉구 방학로 149 1층"
"374","대흥인테리어","210-19-88890","2014-04-07","박성현","","실내장식(경미한공사), 샷시.창호.타일공사(경미한공사), 신축.증축(경미한공사), 페인트","-","방수공사,목공사,금속공사,지붕 및 홈통공사,창호 및 유리공사,타일공사,단열공사,수장공사(도배,마감공사),급배수위생설비공사,난방설비공사(보일러),전기(배관/배선)공사,조명공사","1130510300","서울특별시 강북구 삼양로97길 23 1층 가운데(수유동)"
"371","삼부건설","206-30-07141","2012-03-01","이명화","","리모델링, 건축시공, 전기, 설비공사","-","방수공사,창호 및 유리공사","1120012200","서울특별시 성동구 용답29길 41 1층"
"369","이유건설","481-33-00416","2017-07-27","이형식","","전기설비, 인테리어","가스시설시공업 제3종, 난방시공업 제2종","방수공사,목공사,지붕 및 홈통공사,창호 및 유리공사,타일공사,도장공사,단열공사,수장공사(도배,마감공사),급배수위생설비공사,난방설비공사(보일러),전기(배관/배선)공사,조명공사","4139010200","경기도 시흥시 수인로3325번길 35-2 1층 이유건설"
"361","남선AL중구대리점. 삼일공영","110-13-57528","1990-02-05","배석온","","철물, 창호, 유리, 보수, 유리공사","-","금속공사,창호 및 유리공사","4128110500","경기도 고양시 덕양구 서정로 66-8 1층"
"359","쓰리에스건설(주)","716-88-00345","2016-03-21","전형근","","시설물유지관리, 금속구조물 및 창호공사, 건축자재, 소프트웨어 개발 및 공급","시설물유지관리업, 토목공사업","방수공사,목공사,지붕 및 홈통공사,창호 및 유리공사,타일공사,도장공사,단열공사,수장공사(도배,마감공사)","1168010100","서울특별시 강남구 선릉로91길 14 401호"
"354","(주)미르내이앤씨","139-87-01370","2019-01-31","한수정","02-417-0035","시설물유지관리, 미장방수공사, 비계구조물해체공사, 실내건축공사, 문화재수리업, 부동산관리외","시설물유지관리업, 건축공사업","방수공사,금속공사,지붕 및 홈통공사,창호 및 유리공사,도장공사,단열공사","1126010100","서울특별시 중랑구 면목로72길 17 B01호"
"353","(주)황용건설","845-86-00260","2016-01-05","김용","","시설물유지관리업, 미장공사업, 금속구조물창호공사업, 도장공사업, 실내건축공사업, 건축자재","실내건축공사업, 시설물유지관리업, 도장미장방수, 창호금속","방수공사,금속공사,지붕 및 홈통공사,창호 및 유리공사,도장공사,수장공사(도배,마감공사)","1174010900","서울특별시 강동구 상암로41길 31 201호"
"351","기아종합공사","604-12-63362","2020-11-24","정순섭","","인테리어","-","방수공사,목공사,금속공사,창호 및 유리공사,타일공사,도장공사,단열공사,급배수위생설비공사,난방설비공사(보일러)","1126010300","서울특별시 중랑구 중랑천로20길 14 1층"
"342","성남기업","119-16-63557","2005-06-05","임영완","","창호, 유리, 금속, 인테리어(하도급)","-","금속공사,지붕 및 홈통공사,창호 및 유리공사,단열공사,난방설비공사(보일러)","1154510300","서울특별시 금천구 금하로11길 17 1층 2호"
"339","행복짓기 인테리어","110-12-72105","2006-12-14","정현오","","집수리, 벽지, 장판, 실내장식(건당 1500만원 미만), 도배","-","목공사,창호 및 유리공사,타일공사,단열공사,수장공사(도배,마감공사),급배수위생설비공사,조명공사","1141011800","서울특별시 서대문구 모래내로 339-1 1층"
"335","(주)태정이앤에이","643-86-02100","2021-07-01","최우정","","실내건축 공사업, 건축공사, 시설물 유지관리, 의류,피혁,잡화, 소프트웨어 개발 및 공급업","실내건축공사업","방수공사,목공사,금속공사,지붕 및 홈통공사,창호 및 유리공사,타일공사,도장공사,단열공사,수장공사(도배,마감공사),급배수위생설비공사,난방설비공사(보일러),전기(배관/배선)공사,조명공사","1138010400","서울특별시 은평구 통일로87길 6-5 3층"
"332","대양상사","210-27-93928","1996-09-01","조성주","","난방공사업, 각종 샷시 및 인테리어(건당1,500만원미만공사), 가스시설공사업, 건축자재","가스시설시공업 제3종, 난방시공업 제2종","방수공사,창호 및 유리공사,급배수위생설비공사,난방설비공사(보일러)","1130510300","서울특별시 강북구 삼양로77가길 25 1층"
"331","창조인테리어","217-09-64264","2010-11-01","천정수","","실내장식","-","지붕 및 홈통공사,창호 및 유리공사","1132010700","서울특별시 도봉구 도봉로110아길 5 1층"
"328","우진설비","109-01-74029","1997-10-21","송재진","","건축설비","가스시설시공업 제3종, 난방시공업 제2종","방수공사,지붕 및 홈통공사,단열공사,급배수위생설비공사,난방설비공사(보일러)","1150010800","서울특별시 강서구 방화대로7길 30 1층, 좌측"
"326","영진건설","108-21-33042","2014-09-26","김영달, 이은숙","","알미늄, 창호, 시설물유지관리, 인테리어, 철거, 설비, 소방관리공사","-","방수공사,목공사,금속공사,지붕 및 홈통공사,창호 및 유리공사,타일공사,도장공사,단열공사,수장공사(도배,마감공사),급배수위생설비공사,난방설비공사(보일러),전기(배관/배선)공사,조명공사","1156013200","서울특별시 영등포구 신길로39길 36 1층 2호"
"323","우리종합공사","641-03-00480","2016-08-08","설미례","","전문건설하도급(금속창호공사), 건축자재","금속구조물창호공사업","금속공사,창호 및 유리공사","1141011900","서울특별시 서대문구 증가로20길 68-1 1층"
"321","우리누수탐지","333-08-02199","2021-11-26","김명남","","배관 및 냉난방공사업","-","방수공사,단열공사,급배수위생설비공사,난방설비공사(보일러)","1171011300","서울특별시 송파구 오금로53길 38 1층 120호(거여동)"
"320","동양금속","110-11-19438","2004-07-07","송창석","","창호, 금속, 인테리어, 샷시부속","-","금속공사,창호 및 유리공사","1141011800","서울특별시 서대문구 세검정로1길 44 1층"
"318","태창설비","206-28-26392","2010-11-20","박옥동","","난방설비","난방시공업 제2종, 미장방수조적공사업","방수공사,지붕 및 홈통공사,창호 및 유리공사,타일공사,단열공사,급배수위생설비공사,난방설비공사(보일러)","1120012200","서울특별시 성동구 용답중앙13길 3-1 태창설비"
"308","신화기업","106-11-08951","1985-02-06","김창호","","창호공사, 유리공사, 철물공사, 일반철물제조업","-","창호 및 유리공사","1117010900","서울특별시 용산구 청파로 323-1 1층 (청파동1가 158)"
"307","칠만표방수제(안양점)","123-23-37740","2012-05-28","송장성","","방수제, 방수공사, 도색공사","-","방수공사,도장공사","4117110100","경기도 안양시 만안구 안양로 417 1층"
"305","운화기업","206-11-80160","2002-02-15","최상헌","","건축부착물(알미늄샤시), 인테리어","-","방수공사,창호 및 유리공사,단열공사","1120012200","서울특별시 성동구 용답29길 36 1층"
"300","(주)대흥전력","635-86-00246","2016-01-04","오종길","","전기공사, 무역, 설비시설, 전기용품, 자재","전기공사업","전기(배관/배선)공사,조명공사","1130510100","서울특별시 강북구 도봉로76길 18 지층"
"294","가야건설전기공사","350-27-00237","2016-03-01","원양실","","전기공사업, 전기재료","전기공사업","목공사,창호 및 유리공사,수장공사(도배,마감공사),급배수위생설비공사,조명공사","1154510200","서울특별시 금천구 시흥대로80길 1 1층"
"291","아파트빌라옥상방수페인트에폭시우레탄시공전문업체","481-29-00933","2020-02-10","민현주","","방수, 페인트, 창호, 설비","난방시공업 제2종","방수공사,도장공사","1144012300","서울특별시 마포구 희우정로 99-1 1층"
"284","디자인힘","705-33-01024","2021-01-25","홍원표","","인테리어, 시설물 유지 관리(등록증 없음)","-","방수공사,목공사,금속공사,지붕 및 홈통공사,창호 및 유리공사,타일공사,도장공사,단열공사,수장공사(도배,마감공사),급배수위생설비공사,난방설비공사(보일러),전기(배관/배선)공사","1162010100","서울특별시 관악구 행운10길 21 (봉천동)"
"282","160홈즈협동조합","301-88-01569","2020-03-01","최도영","02-956-5979","인테리어(건당 1,500만원 미만)","-","방수공사,목공사,금속공사,지붕 및 홈통공사,창호 및 유리공사,타일공사,도장공사,단열공사,수장공사(도배,마감공사),급배수위생설비공사,조명공사","1132010800","서울특별시 도봉구 도봉로160길 17 1층"
"279","경서제일전기","709-32-00791","2019-06-03","정남희","","내부 전기배선 공사업, 전기용품 및 조명장치 소매업","전기공사업","전기(배관/배선)공사","1150010900","서울특별시 강서구 양천로24가길 28-2 1층"
"269","대성전기통신","284-45-00346","2018-07-01","송우용","","전기공사업, 철물및수공구, 전기용품 및 조명장치, 통신장비 수리업","전기공사업","전기(배관/배선)공사,조명공사,기타(통신공사)","1126010400","서울특별시 중랑구 숙선옹주로 30 1층"
"261","(주)성창에스씨","834-87-00914","2018-03-12","박수남","","시설물유지관리공사업, 미장, 방수, 조적공사업","습식방수공사업, 시설물유지관리업, 건축공사업","방수공사,목공사,금속공사,지붕 및 홈통공사,창호 및 유리공사,타일공사,도장공사,단열공사,수장공사(도배,마감공사),조명공사","1150010800","서울특별시 강서구 방화대로5가길 25 1층, 2층 (주)성창에스씨"
"258","예준인테리어","374-25-00786","2019-03-12","김충남","","인테리어","-","방수공사,목공사,지붕 및 홈통공사,창호 및 유리공사,타일공사,조명공사","1174010700","서울특별시 강동구 구천면로55길 12 지하1층"
"255","우영건설","113-19-54594","2008-10-15","김수도","","배관.난방공사, 도장.도배공사, 인테리어, 건물개보수, 건축시설물및물품, 잡화","-","방수공사,목공사,금속공사,지붕 및 홈통공사,창호 및 유리공사,타일공사,도장공사,단열공사,수장공사(도배,마감공사),급배수위생설비공사,난방설비공사(보일러)","1153010300","서울특별시 구로구 남부순환로105길 154 1층 106호(가리봉동 84-9)"
"245","삼성도장","210-11-47990","2003-08-25","전호남","","전문건설하도급(방수, 도장공사), 방수공사","-","방수공사,지붕 및 홈통공사,창호 및 유리공사,도장공사","1130510300","서울특별시 강북구 인수봉로 249 1층"
"244","삼삼건축설비","210-14-16222","2005-07-18","김정수","","난방공사","가스시설시공업 제3종, 난방시공업 제2종, 습식방수공사업","방수공사,지붕 및 홈통공사,타일공사,단열공사,급배수위생설비공사,난방설비공사(보일러)","1130510100","서울특별시 강북구 솔매로7길 14 1호, 3호"
"240","참인테리어","110-10-15852","2012-09-27","임인선","","인테리어, 장판 도배지 지물포자재","-","방수공사,단열공사,수장공사(도배,마감공사)","1138010300","서울특별시 은평구 연서로34길 42 동호스카이 상가B101호"
"237","더불어함께건축 협동조합","380-82-00275","2018-05-01","한동화","","단독주택건설업, 미장,타일 및 방수공사업, 시설물 유지관리 공사업, 건축물 일반 청소업 외","-","방수공사,목공사,금속공사,창호 및 유리공사,타일공사,도장공사,단열공사,수장공사(도배,마감공사),급배수위생설비공사,난방설비공사(보일러),전기(배관/배선)공사,조명공사","1117011200","서울특별시 용산구 원효로83길 7-2 5층 1호(원효로1가, 어여재)"
"236","(주)월드탑크린","189-81-02106","2021-01-18","김남호","","집수리, 인테리어, 청소용역(특수청소)","-","방수공사,목공사,금속공사,지붕 및 홈통공사,창호 및 유리공사,타일공사,도장공사,단열공사,수장공사(도배,마감공사),급배수위생설비공사,난방설비공사(보일러),전기(배관/배선)공사,조명공사","1132010800","서울특별시 도봉구 도봉로159길 30 102호"
"211","우이지붕공사","210-19-93729","2011-03-10","이강수","","지붕공사","-","지붕 및 홈통공사","1130510300","서울특별시 강북구 삼양로87가길 3 1층"
"210","(주)동건","120-87-84509","2012-06-13","안오은","","지붕, 판금 건축물 조립공사업, 금속조립구조제, 토목/건축 공사업, 창호/금속 공사업 외","지붕판금?건축물조립공사업","방수공사,목공사,금속공사,지붕 및 홈통공사,창호 및 유리공사,타일공사,단열공사,수장공사(도배,마감공사),난방설비공사(보일러),조명공사","1168010500","서울특별시 강남구 선릉로112길 52 302호"
"206","미래데코","108-01-61593","2007-12-10","이정영","","인테리어, 철거","-","방수공사,목공사,수장공사(도배,마감공사)","1159010200","서울특별시 동작구 성대로29길 35 지하층 미래인테리어"
"205","안진기업","112-38-50280","2006-09-28","최순원","","하도급","-","방수공사,금속공사,창호 및 유리공사,도장공사","1162010200","서울특별시 관악구 난곡로24길 43 1층 (신림동 650-46)"
"203","(주)부광코리아","210-81-54908","2005-01-12","채민성","","가스설비공사, 난방시공, 인테리어공사","가스시설시공업 제1종, 난방시공업 제2종","금속공사,타일공사,단열공사,급배수위생설비공사,난방설비공사(보일러)","1130510300","서울특별시 강북구 삼양로80길 10 2층 (수유동 57-50)"
"201","백산","123-30-45331","2011-10-21","유정필","","인테리어공사","-","방수공사,목공사,지붕 및 홈통공사,창호 및 유리공사,타일공사,도장공사,단열공사,수장공사(도배,마감공사),전기(배관/배선)공사,조명공사","1154510300","서울특별시 금천구 독산로 30 1층 백산건축"
"200","경일건축인테리어","111-40-29996","1990-07-10","조기완","","기타건축자재, 건축인테리어","난방시공업 제2종, 습식방수공사업","방수공사,창호 및 유리공사,타일공사,도장공사,단열공사,급배수위생설비공사,난방설비공사(보일러),전기(배관/배선)공사","1138010700","서울특별시 은평구 가좌로7길 14 1층 (응암동, 대호)"
"190","머찐디자인","622-06-18942","2017-06-20","김남중","","건축공사업, 가구, 실내건축공사업","-","방수공사,목공사,금속공사,창호 및 유리공사,타일공사,도장공사,단열공사,수장공사(도배,마감공사),조명공사","1154510300","서울특별시 금천구 은행나무로 20 1층"
"185","우진","108-20-17555","2012-09-10","서원석",""," 집수리, 철물점, 설비, 배관설비, 인테리어설비","가스시설시공업 제3종, 난방시공업 제2종","방수공사,타일공사,단열공사,급배수위생설비공사,난방설비공사(보일러)","1159010200","서울특별시 동작구 성대로31길 71 1층(상도동)"
"184","효동건축설비","110-07-32832","2002-08-25","김동석","","난방공사,도배, 실내장식 및 내장 목공사업","-","방수공사,목공사,지붕 및 홈통공사,창호 및 유리공사,타일공사,도장공사,단열공사,수장공사(도배,마감공사),난방설비공사(보일러),조명공사","1141010600","서울특별시 서대문구 독립문로 40 지하 1-2호 (천연동 46)"
"183","부광기업","113-06-63360","1990-04-15","김형석","","일반건축공사, 창호공사, 일반철물, 잡철, 전대","-","금속공사,지붕 및 홈통공사,창호 및 유리공사","1153010200","서울특별시 구로구 도림로 19 1층"
"182","협성공사","119-21-19924","2013-01-01","조범석","","인테리어","-","방수공사,목공사,지붕 및 홈통공사,창호 및 유리공사,타일공사,도장공사,단열공사,수장공사(도배,마감공사),급배수위생설비공사,전기(배관/배선)공사,조명공사,기타(조립식판넬)","1162010100","서울특별시 관악구 국회단지길 56 1층 (봉천동)"
"174","충남특수방수","577-21-00747","2018-07-31","양재섭","","특수방수, 집수리","없음","방수공사","1159010700","서울특별시 동작구 사당로16길 82 1호"
"168","국제종합공사","215-15-55232","2004-01-08","윤흥식","","샷시, 창호,방수,코킹,잡철, 수리","-","방수공사,금속공사,창호 및 유리공사,단열공사,급배수위생설비공사","1171011200","서울특별시 송파구 동남로28길 31-3 1층"
"163","동국샤시","265-01-00453","2016-05-25","정인수","","샷시, 철물","-","방수공사,목공사,금속공사,지붕 및 홈통공사,창호 및 유리공사,타일공사,단열공사","1159010700","서울특별시 동작구 사당로16길 29-7 1층"
"161","한샘종합인테리어","106-01-41005","1997-07-23","탁용성","","부엌가구, 인테리어","-","방수공사,목공사,금속공사,창호 및 유리공사,타일공사,도장공사,단열공사,수장공사(도배,마감공사),급배수위생설비공사,난방설비공사(보일러),전기(배관/배선)공사,조명공사","1117010200","서울특별시 용산구 신흥로15길 18 1층"
"159","공간인테리어","113-19-44908","2008-09-04","유정호","","창호, 단열, 지물, 기타서비스","-","창호 및 유리공사,수장공사(도배,마감공사)","1153010200","서울특별시 구로구 구로동로38길 44 1층"
"158","삼우건축 인테리어","210-13-68664","2005-02-01","신동호","","철물, 인테리어","-","방수공사,지붕 및 홈통공사,창호 및 유리공사,수장공사(도배,마감공사),급배수위생설비공사","1132010800","서울특별시 도봉구 도봉로171길 16 1층 (도봉동)"
"153","충희건축설비","723-33-00931","2020-12-24","김태우","","위생,난방시공, 철거공사","가스시설시공업 제3종, 난방시공업 제2종","방수공사,목공사,금속공사,지붕 및 홈통공사,창호 및 유리공사,타일공사,도장공사,단열공사,수장공사(도배,마감공사),급배수위생설비공사,난방설비공사(보일러),전기(배관/배선)공사,조명공사","1129013300","서울특별시 성북구 솔샘로 34 1층 (정릉동 704-33)"
"152","(주)한누리","134-86-67725","2010-06-18","이태호","","인테리어공사, 실내건축공사업, 청소용품,청소장비, 주거용 건물 임대업 외","실내건축공사업","방수공사,목공사,금속공사,지붕 및 홈통공사,창호 및 유리공사,타일공사,도장공사,단열공사,수장공사(도배,마감공사),급배수위생설비공사,난방설비공사(보일러),전기(배관/배선)공사,조명공사","1174010900","서울특별시 강동구 천중로15길 36 201호"
"148","녹색지대 협동조합","168-87-02019","2020-12-14","박성진","","소독업, 인테리어 공사(건당 1천5백만원 미만), 생활용품 및 잡화, 주민기술교육 외","-","방수공사,목공사,금속공사,지붕 및 홈통공사,창호 및 유리공사,타일공사,도장공사,단열공사,수장공사(도배,마감공사),급배수위생설비공사,난방설비공사(보일러),전기(배관/배선)공사,조명공사","1141011800","서울특별시 서대문구 홍은중앙로8길 5 지층"
"144","(주)희망하우징","107-87-33986","2010-04-01","강혜경","","실내건축공사, 집수리, 철물, 전기용품, 소방용품, 문구용품 소매업, 사무용기기소매업","실내건축공사업","방수공사,창호 및 유리공사,타일공사,도장공사,단열공사,수장공사(도배,마감공사),전기(배관/배선)공사","1159010800","서울특별시 동작구 여의대방로44길 47 208호"
"142","에이앤큐","413-04-38961","2018-05-10","최성애","","도배, 실내장식 및 내장 목공사업, 지붕수리, 판금","-","창호 및 유리공사","1138010700","서울특별시 은평구 불광천길 410-5 502"
"141","현대지붕공사","106-08-21935","2013-05-15","유삼진","","주택수리(기와)","-","지붕 및 홈통공사","4128111200","경기도 고양시 덕양구 동산1로 28 402호"
"136","휴(HUE)디자인","813-05-01486","2019-05-23","김선일","","도배, 실내 장식 및 내장 목공사업, 벽지, 장판류, 사업시설 유지.관리 서비스업","-","타일공사,수장공사(도배,마감공사),급배수위생설비공사,난방설비공사(보일러)","4136011200","경기도 남양주시 가운로2길 71 맥산빌딩 102호 (다산동 679-5)"
"134","(주)에이치케이컬렉션","363-87-01347","2019-10-04","이호영","","주거용 건물 매매업, 인테리어업 공사업(경미한 공사) 주거용 건물 임대업, 부동산 전대업","-","방수공사,창호 및 유리공사,타일공사","4146310200","경기도 용인시 기흥구 중부대로 579 5층 508-24호 강남대프라자"
"122","주식회사 신우건축","345-88-02404","2022-08-30","유선이","","배관난방공사, 인테리어공사, 실내건축업","가스시설시공업 제2종,난방시공업 제2종,도장,방수","방수공사,목공사,금속공사,지붕 및 홈통공사,창호 및 유리공사,타일공사,도장공사,단열공사,수장공사(도배,마감공사),급배수위생설비공사,난방설비공사(보일러),전기(배관/배선)공사,조명공사","1138010900","서울특별시 은평구 가좌로12길 15 제지1층 제4호"
"112","람다건축","687-05-01816","2020-09-20","김동현","","인테리어 디자인, 인테리어 시공, 전자상거래, 화물운송 관리서비스, 청소 및 시설관리","-","목공사,창호 및 유리공사,도장공사,수장공사(도배,마감공사)","1165010100","서울특별시 서초구 동광로 21 "
"111","영에이디 인테리어","765-35-00453","2018-10-10","권순일","","인테리어, 잡화, 전자상거래업","-","기타(.)","1130510300","서울특별시 강북구 인수봉로51길 12 203호"
"107","한일건축(인테리어)","210-04-31414","2010-05-02","한일수","","인테리어, 청소업","-","목공사,창호 및 유리공사,단열공사","1130510100","서울특별시 강북구 도봉로67길 77 (미아동)"
"105","경일건업","210-16-42971","2007-06-15","이경태","","창호, 금속공사, 경량철골, 집수리, 리모델링공사","온수온돌, 전산응용제도기능사","방수공사,목공사,금속공사,지붕 및 홈통공사,창호 및 유리공사,도장공사,단열공사,수장공사(도배,마감공사),급배수위생설비공사,난방설비공사(보일러),전기(배관/배선)공사,조명공사","1130510300","서울특별시 강북구 인수봉로 162 (수유동)"
"102","온누리종합인테리어","108-17-97035","2009-12-01","박찬규","","집수리, 인테리어, 보일러설비, 페인트, 철물","온수보일러시공, 온수온돌기능사, 가스시설시공업 제3종, 난방시공업 제2?3종","방수공사,창호 및 유리공사,난방설비공사(보일러)","1159010700","서울특별시 동작구 사당로16길 52 1층 (사당동)"
"99","궁전인테리어","108-05-78831","2000-12-06","김만수","","도배, 장판","-","방수공사,목공사,금속공사,지붕 및 홈통공사,창호 및 유리공사,타일공사,도장공사,단열공사,수장공사(도배,마감공사),급배수위생설비공사,난방설비공사(보일러),전기(배관/배선)공사,조명공사","1159010700","서울특별시 동작구 사당로16길 72 (사당동)"
"96","명성건업","108-17-55603","2008-01-21","김영권","","인테리어, 창호, 철물","-","금속공사,지붕 및 홈통공사,창호 및 유리공사","1159010700","서울특별시 동작구 사당로20나길 26 B층 2호 (사당동)"
"91","창문이야기","142-04-01937","2009-01-06","백성화","","샷시, 창호공사","-","방수공사,창호 및 유리공사","4111313900","경기도 수원시 권선구 정조로 251 창문이야기 (대황교동)"
"89","(주)어울리","768-81-01220","2018-10-31","김수정","","주택임대, 실내건축업, 점포임대","시행사면허:주택건설사업자면허","금속공사,창호 및 유리공사,수장공사(도배,마감공사)","1162010200","서울특별시 관악구 호암로 598 2층 (신림동)"
"87","동양공사","108-07-85020","2001-06-09","한상규","","주택수리, 샷시, 철물, 만물유리, 전기용품, 조경용품, 기계류","-","금속공사,창호 및 유리공사","1159010700","서울특별시 동작구 사당로16다길 57 (사당동 240-15)"
"86","준시스템(우리동네준인테리어)","521-55-00166","2017-04-01","주원준","","인테리어, 배관, 난방공사, 전기전자 부품, 컴퓨터 및 주변기기, 소프트웨어 및 판매","가스시설시공업 제3종, 난방시공업 제3종","방수공사,목공사,금속공사,지붕 및 홈통공사,창호 및 유리공사,타일공사,도장공사,단열공사,수장공사(도배,마감공사),급배수위생설비공사,난방설비공사(보일러),전기(배관/배선)공사,조명공사","1159010700","서울특별시 동작구 사당로12길 23 1층 1호 (사당동)"
"85","부흥","779-35-00603","2019-04-25","류보선","","인테리어, 설비","난방시공업 제2종","방수공사,목공사,창호 및 유리공사,단열공사,급배수위생설비공사,난방설비공사(보일러)","1126010400","서울특별시 중랑구 동일로151길 60 (묵동)"
"82","사회적협동조합 우리집 샬롬인 리모델링","656-82-00338","2020-03-01","유지풍","","인테리어, 각종보수공사, 방수.타일.창호, 취약계층 노후주택 개량 및 주거환경개선사업","가스난방공사업(난방공사제2종)","방수공사,목공사,금속공사,창호 및 유리공사,타일공사,도장공사,단열공사,수장공사(도배,마감공사),급배수위생설비공사,난방설비공사(보일러),전기(배관/배선)공사,조명공사","1141011900","서울특별시 서대문구 증가로28안길 23-15 1층 101호(북가좌동)"
"81","한일건축공사","102-33-90878","2015-01-01","한종수","","보일러설비, 인테리어, 외장공사, 철공공사","-","방수공사,목공사,금속공사,창호 및 유리공사,단열공사,수장공사(도배,마감공사),급배수위생설비공사,난방설비공사(보일러)","1111017400","서울특별시 종로구 창신5나길 2 1층 (창신동)"
"70","협성설비공사","119-07-96060","2002-04-27","한길수","","배관 및 기계설비공사","가스시설시공업 제3종, 난방시공업 제1종","방수공사,타일공사,단열공사,급배수위생설비공사,난방설비공사(보일러)","1162010200","서울특별시 관악구 난곡로 125 제3-가1호 1층 3호"
"69","우림종합공사","119-21-35171","2013-03-11","김건종","","철물 및 관련제품 전문건설 하도급","-","방수공사,목공사,금속공사,지붕 및 홈통공사,창호 및 유리공사,타일공사,도장공사,단열공사,수장공사(도배,마감공사),급배수위생설비공사,난방설비공사(보일러),전기(배관/배선)공사,조명공사","1162010200","서울특별시 관악구 난곡로 167 105-501 (신림동)"
"68","회강개발","117-05-79912","2002-05-01","손진천","","방수공사","방수면허증","방수공사,목공사,금속공사,지붕 및 홈통공사,창호 및 유리공사,타일공사,도장공사,단열공사,수장공사(도배,마감공사),급배수위생설비공사,난방설비공사(보일러),전기(배관/배선)공사,조명공사","1153010600","서울특별시 구로구 고척로55길 40 (고척동)"
"63","미라인테리어","204-14-20304","2008-05-22","신인순","","인테리어","-","방수공사,목공사,금속공사,지붕 및 홈통공사,창호 및 유리공사,타일공사,도장공사,단열공사,수장공사(도배,마감공사),급배수위생설비공사,난방설비공사(보일러),전기(배관/배선)공사,조명공사","1126010400","서울특별시 중랑구 동일로169길 8 1층 (묵동)"
"62","(주)행복한집","513-87-01471","2019-08-23","염창덕","","인테리어공사업, 토목공사, 실내건축 및 건축마무리공사업","-","창호 및 유리공사,수장공사(도배,마감공사)","1147010300","서울특별시 양천구 남부순환로46길 32 1층 (신월동)"
"61","금호지붕","204-10-34469","2003-07-10","윤주민","","지붕공사, 컬러강판, 전자상거래업","-","방수공사,지붕 및 홈통공사","1126010100","서울특별시 중랑구 겸재로64길 33 (면목동)"
"58","동효창호","216-17-71578","2003-07-15","박형년","","창호, 철물하도급","-","금속공사,창호 및 유리공사,단열공사","1126010100","서울특별시 중랑구 중랑천로 30 (면목동)"
"54","서울지붕","171-27-00973","2020-03-16","최병업","","인테리어, 전자상거래","-","방수공사,목공사,금속공사,지붕 및 홈통공사,창호 및 유리공사,도장공사,단열공사,수장공사(도배,마감공사),전기(배관/배선)공사","1111017400","서울특별시 종로구 창신길 110 지층 (창신동)"
"52","우성건축","770-05-00690","2017-04-20","함성은","","배관설비, 인테리어, 전문건설하도급","-","방수공사,목공사,금속공사,지붕 및 홈통공사,창호 및 유리공사,타일공사,도장공사,단열공사,수장공사(도배,마감공사),급배수위생설비공사,난방설비공사(보일러),전기(배관/배선)공사,조명공사","1126010400","서울특별시 중랑구 중랑역로 138-2 2층 (묵동)"
"51","유진종합건축","210-23-20223","1985-03-15","오효관","","기타수선, 설비공사","가스시설시공업 제3종","방수공사,목공사,금속공사,지붕 및 홈통공사,창호 및 유리공사,타일공사,도장공사,단열공사,수장공사(도배,마감공사),급배수위생설비공사,난방설비공사(보일러)","1132010800","서울특별시 도봉구 마들로 742 거봉빌딩 1층 3호"
"49","가온 인테리어","554-01-00182","2015-06-01","오세창","","인테리어, 전기용품, 조명장치, 철물, 청소 및 유지보수관리","-","방수공사,목공사,금속공사,창호 및 유리공사,타일공사,도장공사,단열공사,수장공사(도배,마감공사),급배수위생설비공사,난방설비공사(보일러),조명공사","4115010100","경기도 의정부시 둔야로45번길 15 1층 (의정부동)"
"48","광진건축설비","210-06-67522","2009-07-01","이광휴","","배관난방공사, 인테리어공사","특정열사용기자재시공업 제3종, 가스시설시공업 제3종","방수공사,목공사,금속공사,창호 및 유리공사,단열공사,수장공사(도배,마감공사),급배수위생설비공사,난방설비공사(보일러),전기(배관/배선)공사,조명공사","1130510300","서울특별시 강북구 삼각산로28길 7 101, 102호 (수유동)"
"46","진성건설개발(주)","411-81-57793","2009-04-27","김보성, 이기현","","시설물유지관리, 금속,창호공사업, 인테리어공사업, 건축공사업, 철거공사업","건축공사업, 시설물유지관리공사업","방수공사,창호 및 유리공사,도장공사","1138010500","서울특별시 은평구 연서로15길 10 2층(구산동)"
"38","공정건축협동조합","110-86-07342","2013-08-13","정수섭","","리모델링, 설비, 방수, 농축산물, 부동산컨설팅, 방역 및 소독, 건물 및 산업설비 청소업","-","방수공사,목공사,금속공사,지붕 및 홈통공사,창호 및 유리공사,타일공사,도장공사,단열공사,수장공사(도배,마감공사),급배수위생설비공사,난방설비공사(보일러),전기(배관/배선)공사,조명공사","1138010700","서울특별시 은평구 응암로 326-2 (응암동)"
"35","은평우리동네맥가이버협동조합","663-88-00828","2018-01-01","이명환","","시설물 유지관리용역 및 교육, 인테리어, 건축자재, 인력공급, 소독방역업","-","방수공사,목공사,지붕 및 홈통공사,창호 및 유리공사,단열공사,수장공사(도배,마감공사),급배수위생설비공사,조명공사","1138010300","서울특별시 은평구 통일로82길 21 1층"
"31","한두레협동조합","110-86-05683","2013-04-05","강주연","02-353-7437","주택 및 건물 친환경 개보수, 철거, 인테리어","-","방수공사,목공사,금속공사,지붕 및 홈통공사,창호 및 유리공사,타일공사,도장공사,단열공사,수장공사(도배,마감공사),급배수위생설비공사,난방설비공사(보일러),전기(배관/배선)공사,조명공사","1138010400","서울특별시 은평구 통일로87길 6-5 3층 1호"
"21","사회적협동조합 노느매기","529-82-00225","2018-06-29","박상호","","도배장판 및 실내장식, 시설관리, 목공","-","방수공사,목공사,금속공사,지붕 및 홈통공사,창호 및 유리공사,타일공사,도장공사,단열공사,수장공사(도배,마감공사),급배수위생설비공사,난방설비공사(보일러),전기(배관/배선)공사,조명공사","1156011700","서울특별시 영등포구 버드나루로23길 24 (당산동)"